﻿<?xml version="1.0" encoding="utf-8"?>
<abapGit version="v1.0.0" serializer="LCL_OBJECT_DOMA" serializer_version="v1.0.0">
 <asx:abap xmlns:asx="http://www.sap.com/abapxml" version="1.0">
  <asx:values>
   <DD01V>
    <DOMNAME>Z8DDAYS</DOMNAME>
    <DDLANGUAGE>1</DDLANGUAGE>
    <DATATYPE>DEC</DATATYPE>
    <LENG>000005</LENG>
    <OUTPUTLEN>000006</OUTPUTLEN>
    <DECIMALS>000002</DECIMALS>
    <DDTEXT>平均8D 反馈时间（天数）</DDTEXT>
   </DD01V>
  </asx:values>
 </asx:abap>
</abapGit>
