﻿<?xml version="1.0" encoding="utf-8"?>
<abapGit version="v1.0.0" serializer="LCL_OBJECT_DTEL" serializer_version="v1.0.0">
 <asx:abap xmlns:asx="http://www.sap.com/abapxml" version="1.0">
  <asx:values>
   <DD04V>
    <ROLLNAME>Z8DDAYS</ROLLNAME>
    <DDLANGUAGE>1</DDLANGUAGE>
    <DOMNAME>Z8DDAYS</DOMNAME>
    <HEADLEN>40</HEADLEN>
    <SCRLEN1>10</SCRLEN1>
    <SCRLEN2>20</SCRLEN2>
    <SCRLEN3>40</SCRLEN3>
    <DDTEXT>平均8D反馈时间（天数）</DDTEXT>
    <REPTEXT>平均8D反馈时间（天数）</REPTEXT>
    <SCRTEXT_S>平均8D反馈时间（天</SCRTEXT_S>
    <SCRTEXT_M>平均8D反馈时间（天数）</SCRTEXT_M>
    <SCRTEXT_L>平均8D反馈时间（天数）</SCRTEXT_L>
    <DTELMASTER>1</DTELMASTER>
    <REFKIND>D</REFKIND>
   </DD04V>
   <I18N_LANGS>
    <LANGU>E</LANGU>
   </I18N_LANGS>
   <DD04_TEXTS>
    <item>
     <DDLANGUAGE>E</DDLANGUAGE>
     <DDTEXT>8D Average Feedback Time</DDTEXT>
     <REPTEXT>8D Average Feedback Time</REPTEXT>
     <SCRTEXT_S>8D Average</SCRTEXT_S>
     <SCRTEXT_M>8D Average Feedback</SCRTEXT_M>
     <SCRTEXT_L>8D Average Feedback Time</SCRTEXT_L>
    </item>
   </DD04_TEXTS>
  </asx:values>
 </asx:abap>
</abapGit>
