﻿<?xml version="1.0" encoding="utf-8"?>
<abapGit version="v1.0.0" serializer="LCL_OBJECT_DTEL" serializer_version="v1.0.0">
 <asx:abap xmlns:asx="http://www.sap.com/abapxml" version="1.0">
  <asx:values>
   <DD04V>
    <ROLLNAME>ZACC_CATS</ROLLNAME>
    <DDLANGUAGE>1</DDLANGUAGE>
    <DOMNAME>ZACC_CATS</DOMNAME>
    <HEADLEN>30</HEADLEN>
    <SCRLEN1>10</SCRLEN1>
    <SCRLEN2>10</SCRLEN2>
    <SCRLEN3>10</SCRLEN3>
    <DDTEXT>科目分配类型</DDTEXT>
    <REPTEXT>科目分配类型</REPTEXT>
    <SCRTEXT_S>科目分配类型</SCRTEXT_S>
    <SCRTEXT_M>科目分配类型</SCRTEXT_M>
    <SCRTEXT_L>科目分配类型</SCRTEXT_L>
    <DTELMASTER>1</DTELMASTER>
    <REFKIND>D</REFKIND>
   </DD04V>
   <I18N_LANGS>
    <LANGU>E</LANGU>
   </I18N_LANGS>
   <DD04_TEXTS>
    <item>
     <DDLANGUAGE>E</DDLANGUAGE>
     <DDTEXT>account assignment category</DDTEXT>
     <REPTEXT>account assignment category</REPTEXT>
     <SCRTEXT_S>category</SCRTEXT_S>
     <SCRTEXT_M>category</SCRTEXT_M>
     <SCRTEXT_L>category</SCRTEXT_L>
    </item>
   </DD04_TEXTS>
  </asx:values>
 </asx:abap>
</abapGit>
