﻿<?xml version="1.0" encoding="utf-8"?>
<abapGit version="v1.0.0" serializer="LCL_OBJECT_DTEL" serializer_version="v1.0.0">
 <asx:abap xmlns:asx="http://www.sap.com/abapxml" version="1.0">
  <asx:values>
   <DD04V>
    <ROLLNAME>ZADDR</ROLLNAME>
    <DDLANGUAGE>1</DDLANGUAGE>
    <DOMNAME>CHAR40</DOMNAME>
    <HEADLEN>40</HEADLEN>
    <SCRLEN1>10</SCRLEN1>
    <SCRLEN2>20</SCRLEN2>
    <SCRLEN3>40</SCRLEN3>
    <DDTEXT>项目地点</DDTEXT>
    <REPTEXT>项目地点</REPTEXT>
    <SCRTEXT_S>项目地点</SCRTEXT_S>
    <SCRTEXT_M>项目地点</SCRTEXT_M>
    <SCRTEXT_L>项目地点</SCRTEXT_L>
    <DTELMASTER>1</DTELMASTER>
    <REFKIND>D</REFKIND>
   </DD04V>
   <I18N_LANGS>
    <LANGU>E</LANGU>
   </I18N_LANGS>
   <DD04_TEXTS>
    <item>
     <DDLANGUAGE>E</DDLANGUAGE>
     <DDTEXT>Project Address</DDTEXT>
     <REPTEXT>Project Address</REPTEXT>
     <SCRTEXT_S>Project Ad</SCRTEXT_S>
     <SCRTEXT_M>Project Address</SCRTEXT_M>
     <SCRTEXT_L>Project Address</SCRTEXT_L>
    </item>
   </DD04_TEXTS>
  </asx:values>
 </asx:abap>
</abapGit>
