﻿<?xml version="1.0" encoding="utf-8"?>
<abapGit version="v1.0.0" serializer="LCL_OBJECT_DTEL" serializer_version="v1.0.0">
 <asx:abap xmlns:asx="http://www.sap.com/abapxml" version="1.0">
  <asx:values>
   <DD04V>
    <ROLLNAME>ZADDRESS</ROLLNAME>
    <DDLANGUAGE>1</DDLANGUAGE>
    <DOMNAME>CHAR4</DOMNAME>
    <HEADLEN>20</HEADLEN>
    <SCRLEN1>10</SCRLEN1>
    <SCRLEN2>15</SCRLEN2>
    <SCRLEN3>20</SCRLEN3>
    <DDTEXT>地址代码</DDTEXT>
    <REPTEXT>地址代码</REPTEXT>
    <SCRTEXT_S>地址代码</SCRTEXT_S>
    <SCRTEXT_M>地址代码</SCRTEXT_M>
    <SCRTEXT_L>地址代码</SCRTEXT_L>
    <DTELMASTER>1</DTELMASTER>
    <REFKIND>D</REFKIND>
   </DD04V>
   <I18N_LANGS>
    <LANGU>E</LANGU>
   </I18N_LANGS>
   <DD04_TEXTS>
    <item>
     <DDLANGUAGE>E</DDLANGUAGE>
     <DDTEXT>Address Code</DDTEXT>
     <REPTEXT>Address Code</REPTEXT>
     <SCRTEXT_S>Address</SCRTEXT_S>
     <SCRTEXT_M>Address Code</SCRTEXT_M>
     <SCRTEXT_L>Address Code</SCRTEXT_L>
    </item>
   </DD04_TEXTS>
  </asx:values>
 </asx:abap>
</abapGit>
