﻿<?xml version="1.0" encoding="utf-8"?>
<abapGit version="v1.0.0" serializer="LCL_OBJECT_DTEL" serializer_version="v1.0.0">
 <asx:abap xmlns:asx="http://www.sap.com/abapxml" version="1.0">
  <asx:values>
   <DD04V>
    <ROLLNAME>ZALTERNUM</ROLLNAME>
    <DDLANGUAGE>1</DDLANGUAGE>
    <DOMNAME>CHAR8</DOMNAME>
    <HEADLEN>40</HEADLEN>
    <SCRLEN1>10</SCRLEN1>
    <SCRLEN2>20</SCRLEN2>
    <SCRLEN3>40</SCRLEN3>
    <DDTEXT>信息变更申请单号</DDTEXT>
    <REPTEXT>信息变更申请单号</REPTEXT>
    <SCRTEXT_S>信息变更申请单号</SCRTEXT_S>
    <SCRTEXT_M>信息变更申请单号</SCRTEXT_M>
    <SCRTEXT_L>信息变更申请单号</SCRTEXT_L>
    <DTELMASTER>1</DTELMASTER>
    <REFKIND>D</REFKIND>
   </DD04V>
   <I18N_LANGS>
    <LANGU>E</LANGU>
   </I18N_LANGS>
   <DD04_TEXTS>
    <item>
     <DDLANGUAGE>E</DDLANGUAGE>
     <DDTEXT>Application no.</DDTEXT>
     <REPTEXT>Application no.</REPTEXT>
     <SCRTEXT_S>Applicatio</SCRTEXT_S>
     <SCRTEXT_M>Application no.</SCRTEXT_M>
     <SCRTEXT_L>Application no.</SCRTEXT_L>
    </item>
   </DD04_TEXTS>
  </asx:values>
 </asx:abap>
</abapGit>
