﻿<?xml version="1.0" encoding="utf-8"?>
<abapGit version="v1.0.0" serializer="LCL_OBJECT_DTEL" serializer_version="v1.0.0">
 <asx:abap xmlns:asx="http://www.sap.com/abapxml" version="1.0">
  <asx:values>
   <DD04V>
    <ROLLNAME>ZALTERSTATUS</ROLLNAME>
    <DDLANGUAGE>1</DDLANGUAGE>
    <DOMNAME>ZALTERSTATUS</DOMNAME>
    <HEADLEN>40</HEADLEN>
    <SCRLEN1>10</SCRLEN1>
    <SCRLEN2>20</SCRLEN2>
    <SCRLEN3>40</SCRLEN3>
    <DDTEXT>信息变更状态</DDTEXT>
    <REPTEXT>信息变更状态</REPTEXT>
    <SCRTEXT_S>信息变更状态</SCRTEXT_S>
    <SCRTEXT_M>信息变更状态</SCRTEXT_M>
    <SCRTEXT_L>信息变更状态</SCRTEXT_L>
    <DTELMASTER>1</DTELMASTER>
    <REFKIND>D</REFKIND>
   </DD04V>
   <I18N_LANGS>
    <LANGU>E</LANGU>
   </I18N_LANGS>
   <DD04_TEXTS>
    <item>
     <DDLANGUAGE>E</DDLANGUAGE>
     <DDTEXT>Modified Status</DDTEXT>
     <REPTEXT>Modified Status</REPTEXT>
     <SCRTEXT_S>Modified S</SCRTEXT_S>
     <SCRTEXT_M>Modified Status</SCRTEXT_M>
     <SCRTEXT_L>Modified Status</SCRTEXT_L>
    </item>
   </DD04_TEXTS>
  </asx:values>
 </asx:abap>
</abapGit>
