﻿<?xml version="1.0" encoding="utf-8"?>
<abapGit version="v1.0.0" serializer="LCL_OBJECT_DOMA" serializer_version="v1.0.0">
 <asx:abap xmlns:asx="http://www.sap.com/abapxml" version="1.0">
  <asx:values>
   <DD01V>
    <DOMNAME>ZAMWSKZS</DOMNAME>
    <DDLANGUAGE>1</DDLANGUAGE>
    <DATATYPE>CHAR</DATATYPE>
    <LENG>000002</LENG>
    <OUTPUTLEN>000002</OUTPUTLEN>
    <VALEXI>X</VALEXI>
    <DDTEXT>A类订单税码</DDTEXT>
   </DD01V>
   <DD07V_TAB>
    <DD07V>
     <DOMNAME>ZAMWSKZS</DOMNAME>
     <VALPOS>0001</VALPOS>
     <DDLANGUAGE>1</DDLANGUAGE>
     <DOMVALUE_L>FA</DOMVALUE_L>
     <DDTEXT>FA</DDTEXT>
    </DD07V>
    <DD07V>
     <DOMNAME>ZAMWSKZS</DOMNAME>
     <VALPOS>0002</VALPOS>
     <DDLANGUAGE>1</DDLANGUAGE>
     <DOMVALUE_L>FB</DOMVALUE_L>
     <DDTEXT>FB</DDTEXT>
    </DD07V>
    <DD07V>
     <DOMNAME>ZAMWSKZS</DOMNAME>
     <VALPOS>0003</VALPOS>
     <DDLANGUAGE>1</DDLANGUAGE>
     <DOMVALUE_L>F1</DOMVALUE_L>
     <DDTEXT>F1</DDTEXT>
    </DD07V>
    <DD07V>
     <DOMNAME>ZAMWSKZS</DOMNAME>
     <VALPOS>0004</VALPOS>
     <DDLANGUAGE>1</DDLANGUAGE>
     <DOMVALUE_L>F2</DOMVALUE_L>
     <DDTEXT>F2</DDTEXT>
    </DD07V>
    <DD07V>
     <DOMNAME>ZAMWSKZS</DOMNAME>
     <VALPOS>0005</VALPOS>
     <DDLANGUAGE>1</DDLANGUAGE>
     <DOMVALUE_L>F3</DOMVALUE_L>
     <DDTEXT>F3</DDTEXT>
    </DD07V>
    <DD07V>
     <DOMNAME>ZAMWSKZS</DOMNAME>
     <VALPOS>0006</VALPOS>
     <DDLANGUAGE>1</DDLANGUAGE>
     <DOMVALUE_L>F4</DOMVALUE_L>
     <DDTEXT>F4</DDTEXT>
    </DD07V>
    <DD07V>
     <DOMNAME>ZAMWSKZS</DOMNAME>
     <VALPOS>0007</VALPOS>
     <DDLANGUAGE>1</DDLANGUAGE>
     <DOMVALUE_L>F5</DOMVALUE_L>
     <DDTEXT>F5</DDTEXT>
    </DD07V>
    <DD07V>
     <DOMNAME>ZAMWSKZS</DOMNAME>
     <VALPOS>0008</VALPOS>
     <DDLANGUAGE>1</DDLANGUAGE>
     <DOMVALUE_L>F6</DOMVALUE_L>
     <DDTEXT>F6</DDTEXT>
    </DD07V>
    <DD07V>
     <DOMNAME>ZAMWSKZS</DOMNAME>
     <VALPOS>0009</VALPOS>
     <DDLANGUAGE>1</DDLANGUAGE>
     <DOMVALUE_L>F8</DOMVALUE_L>
     <DDTEXT>F8</DDTEXT>
    </DD07V>
    <DD07V>
     <DOMNAME>ZAMWSKZS</DOMNAME>
     <VALPOS>0010</VALPOS>
     <DDLANGUAGE>1</DDLANGUAGE>
    </DD07V>
   </DD07V_TAB>
  </asx:values>
 </asx:abap>
</abapGit>
