﻿<?xml version="1.0" encoding="utf-8"?>
<abapGit version="v1.0.0" serializer="LCL_OBJECT_DTEL" serializer_version="v1.0.0">
 <asx:abap xmlns:asx="http://www.sap.com/abapxml" version="1.0">
  <asx:values>
   <DD04V>
    <ROLLNAME>ZANDECS</ROLLNAME>
    <DDLANGUAGE>1</DDLANGUAGE>
    <DOMNAME>ZANDECS</DOMNAME>
    <HEADLEN>20</HEADLEN>
    <SCRLEN1>10</SCRLEN1>
    <SCRLEN2>15</SCRLEN2>
    <SCRLEN3>20</SCRLEN3>
    <DDTEXT>是否年降</DDTEXT>
    <REPTEXT>是否年降</REPTEXT>
    <SCRTEXT_S>是否年降</SCRTEXT_S>
    <SCRTEXT_M>是否年降</SCRTEXT_M>
    <SCRTEXT_L>是否年降</SCRTEXT_L>
    <DTELMASTER>1</DTELMASTER>
    <REFKIND>D</REFKIND>
   </DD04V>
   <I18N_LANGS>
    <LANGU>E</LANGU>
   </I18N_LANGS>
   <DD04_TEXTS>
    <item>
     <DDLANGUAGE>E</DDLANGUAGE>
     <DDTEXT>annual descend</DDTEXT>
     <REPTEXT>annual descend</REPTEXT>
     <SCRTEXT_S>annual des</SCRTEXT_S>
     <SCRTEXT_M>annual descend</SCRTEXT_M>
     <SCRTEXT_L>annual descend</SCRTEXT_L>
    </item>
   </DD04_TEXTS>
  </asx:values>
 </asx:abap>
</abapGit>
