﻿<?xml version="1.0" encoding="utf-8"?>
<abapGit version="v1.0.0" serializer="LCL_OBJECT_DTEL" serializer_version="v1.0.0">
 <asx:abap xmlns:asx="http://www.sap.com/abapxml" version="1.0">
  <asx:values>
   <DD04V>
    <ROLLNAME>ZANSDTIMES</ROLLNAME>
    <DDLANGUAGE>1</DDLANGUAGE>
    <DOMNAME>ZANSDTIMES</DOMNAME>
    <HEADLEN>20</HEADLEN>
    <SCRLEN1>10</SCRLEN1>
    <SCRLEN2>15</SCRLEN2>
    <SCRLEN3>20</SCRLEN3>
    <DDTEXT>答疑截止时间</DDTEXT>
    <REPTEXT>答疑截止时间</REPTEXT>
    <SCRTEXT_S>答疑截止时间</SCRTEXT_S>
    <SCRTEXT_M>答疑截止时间</SCRTEXT_M>
    <SCRTEXT_L>答疑截止时间</SCRTEXT_L>
    <DTELMASTER>1</DTELMASTER>
    <REFKIND>D</REFKIND>
   </DD04V>
   <I18N_LANGS>
    <LANGU>E</LANGU>
   </I18N_LANGS>
   <DD04_TEXTS>
    <item>
     <DDLANGUAGE>E</DDLANGUAGE>
     <DDTEXT>Deadline for Answer</DDTEXT>
     <REPTEXT>Deadline for Answer</REPTEXT>
     <SCRTEXT_S>Deadline</SCRTEXT_S>
     <SCRTEXT_M>Deadline</SCRTEXT_M>
     <SCRTEXT_L>Deadline for Answer</SCRTEXT_L>
    </item>
   </DD04_TEXTS>
  </asx:values>
 </asx:abap>
</abapGit>
