﻿<?xml version="1.0" encoding="utf-8"?>
<abapGit version="v1.0.0" serializer="LCL_OBJECT_DTEL" serializer_version="v1.0.0">
 <asx:abap xmlns:asx="http://www.sap.com/abapxml" version="1.0">
  <asx:values>
   <DD04V>
    <ROLLNAME>ZAUFNRS</ROLLNAME>
    <DDLANGUAGE>1</DDLANGUAGE>
    <DOMNAME>ZAUFNRS</DOMNAME>
    <HEADLEN>20</HEADLEN>
    <SCRLEN1>05</SCRLEN1>
    <SCRLEN2>10</SCRLEN2>
    <SCRLEN3>15</SCRLEN3>
    <DDTEXT>订单</DDTEXT>
    <REPTEXT>订单</REPTEXT>
    <SCRTEXT_S>订单</SCRTEXT_S>
    <SCRTEXT_M>订单</SCRTEXT_M>
    <SCRTEXT_L>订单</SCRTEXT_L>
    <DTELMASTER>1</DTELMASTER>
    <REFKIND>D</REFKIND>
   </DD04V>
   <I18N_LANGS>
    <LANGU>E</LANGU>
   </I18N_LANGS>
   <DD04_TEXTS>
    <item>
     <DDLANGUAGE>E</DDLANGUAGE>
     <DDTEXT>order</DDTEXT>
     <REPTEXT>order</REPTEXT>
     <SCRTEXT_S>order</SCRTEXT_S>
     <SCRTEXT_M>order</SCRTEXT_M>
     <SCRTEXT_L>order</SCRTEXT_L>
    </item>
   </DD04_TEXTS>
  </asx:values>
 </asx:abap>
</abapGit>
