﻿<?xml version="1.0" encoding="utf-8"?>
<abapGit version="v1.0.0" serializer="LCL_OBJECT_DTEL" serializer_version="v1.0.0">
 <asx:abap xmlns:asx="http://www.sap.com/abapxml" version="1.0">
  <asx:values>
   <DD04V>
    <ROLLNAME>ZBANKKEY</ROLLNAME>
    <DDLANGUAGE>1</DDLANGUAGE>
    <DOMNAME>ZBANKKEY</DOMNAME>
    <HEADLEN>40</HEADLEN>
    <SCRLEN1>10</SCRLEN1>
    <SCRLEN2>20</SCRLEN2>
    <SCRLEN3>40</SCRLEN3>
    <DDTEXT>银行联行号</DDTEXT>
    <REPTEXT>银行联行号</REPTEXT>
    <SCRTEXT_S>银行联行号</SCRTEXT_S>
    <SCRTEXT_M>银行联行号</SCRTEXT_M>
    <SCRTEXT_L>银行联行号</SCRTEXT_L>
    <DTELMASTER>1</DTELMASTER>
    <REFKIND>D</REFKIND>
   </DD04V>
   <I18N_LANGS>
    <LANGU>E</LANGU>
   </I18N_LANGS>
   <DD04_TEXTS>
    <item>
     <DDLANGUAGE>E</DDLANGUAGE>
     <DDTEXT>Bank Key</DDTEXT>
     <REPTEXT>Bank Key</REPTEXT>
     <SCRTEXT_S>Bank Key</SCRTEXT_S>
     <SCRTEXT_M>Bank Key</SCRTEXT_M>
     <SCRTEXT_L>Bank Key</SCRTEXT_L>
    </item>
   </DD04_TEXTS>
  </asx:values>
 </asx:abap>
</abapGit>
