﻿<?xml version="1.0" encoding="utf-8"?>
<abapGit version="v1.0.0" serializer="LCL_OBJECT_DTEL" serializer_version="v1.0.0">
 <asx:abap xmlns:asx="http://www.sap.com/abapxml" version="1.0">
  <asx:values>
   <DD04V>
    <ROLLNAME>ZBNSLICENSE</ROLLNAME>
    <DDLANGUAGE>1</DDLANGUAGE>
    <DOMNAME>ZBNSLICENSE</DOMNAME>
    <HEADLEN>40</HEADLEN>
    <SCRLEN1>10</SCRLEN1>
    <SCRLEN2>20</SCRLEN2>
    <SCRLEN3>40</SCRLEN3>
    <DDTEXT>统一社会信用代码（注册登记号）或邓白氏码</DDTEXT>
    <REPTEXT>统一社会信用代码（注册登记号）或邓白氏码</REPTEXT>
    <SCRTEXT_S>注册登记号</SCRTEXT_S>
    <SCRTEXT_M>统一社会信用代码（注册登记号）或邓白氏码</SCRTEXT_M>
    <SCRTEXT_L>统一社会信用代码（注册登记号）或邓白氏码</SCRTEXT_L>
    <DTELMASTER>1</DTELMASTER>
    <REFKIND>D</REFKIND>
   </DD04V>
   <I18N_LANGS>
    <LANGU>E</LANGU>
   </I18N_LANGS>
   <DD04_TEXTS>
    <item>
     <DDLANGUAGE>E</DDLANGUAGE>
     <DDTEXT>Unified Social Credit Code(Duns Number)</DDTEXT>
     <REPTEXT>Unified Social Credit Code(Duns Number)</REPTEXT>
     <SCRTEXT_S>Unified So</SCRTEXT_S>
     <SCRTEXT_M>Unified Social Credi</SCRTEXT_M>
     <SCRTEXT_L>Unified Social Credit Code(Duns Number)</SCRTEXT_L>
    </item>
   </DD04_TEXTS>
  </asx:values>
 </asx:abap>
</abapGit>
