﻿<?xml version="1.0" encoding="utf-8"?>
<abapGit version="v1.0.0" serializer="LCL_OBJECT_DTEL" serializer_version="v1.0.0">
 <asx:abap xmlns:asx="http://www.sap.com/abapxml" version="1.0">
  <asx:values>
   <DD04V>
    <ROLLNAME>ZBPAYMENTS</ROLLNAME>
    <DDLANGUAGE>1</DDLANGUAGE>
    <HEADLEN>40</HEADLEN>
    <SCRLEN1>10</SCRLEN1>
    <SCRLEN2>15</SCRLEN2>
    <SCRLEN3>20</SCRLEN3>
    <DDTEXT>质保</DDTEXT>
    <REPTEXT>质保</REPTEXT>
    <SCRTEXT_S>质保</SCRTEXT_S>
    <SCRTEXT_M>质保</SCRTEXT_M>
    <SCRTEXT_L>质保</SCRTEXT_L>
    <DTELMASTER>1</DTELMASTER>
    <DATATYPE>DEC</DATATYPE>
    <LENG>000006</LENG>
    <DECIMALS>000002</DECIMALS>
    <OUTPUTLEN>000008</OUTPUTLEN>
   </DD04V>
  </asx:values>
 </asx:abap>
</abapGit>
