﻿<?xml version="1.0" encoding="utf-8"?>
<abapGit version="v1.0.0" serializer="LCL_OBJECT_DOMA" serializer_version="v1.0.0">
 <asx:abap xmlns:asx="http://www.sap.com/abapxml" version="1.0">
  <asx:values>
   <DD01V>
    <DOMNAME>ZBRANDTYPES</DOMNAME>
    <DDLANGUAGE>1</DDLANGUAGE>
    <DATATYPE>CHAR</DATATYPE>
    <LENG>000010</LENG>
    <OUTPUTLEN>000010</OUTPUTLEN>
    <VALEXI>X</VALEXI>
    <DDTEXT>品牌类型</DDTEXT>
   </DD01V>
   <DD07V_TAB>
    <DD07V>
     <DOMNAME>ZBRANDTYPES</DOMNAME>
     <VALPOS>0001</VALPOS>
     <DDLANGUAGE>1</DDLANGUAGE>
     <DOMVALUE_L>NOBRAND</DOMVALUE_L>
     <DDTEXT>无品牌</DDTEXT>
    </DD07V>
    <DD07V>
     <DOMNAME>ZBRANDTYPES</DOMNAME>
     <VALPOS>0002</VALPOS>
     <DDLANGUAGE>1</DDLANGUAGE>
     <DOMVALUE_L>INBOUND</DOMVALUE_L>
     <DDTEXT>境内自主品牌</DDTEXT>
    </DD07V>
    <DD07V>
     <DOMNAME>ZBRANDTYPES</DOMNAME>
     <VALPOS>0003</VALPOS>
     <DDLANGUAGE>1</DDLANGUAGE>
     <DOMVALUE_L>INACCQU</DOMVALUE_L>
     <DDTEXT>境内收购品牌</DDTEXT>
    </DD07V>
    <DD07V>
     <DOMNAME>ZBRANDTYPES</DOMNAME>
     <VALPOS>0004</VALPOS>
     <DDLANGUAGE>1</DDLANGUAGE>
     <DOMVALUE_L>ABROADT</DOMVALUE_L>
     <DDTEXT>境外品牌（贴牌生产）</DDTEXT>
    </DD07V>
    <DD07V>
     <DOMNAME>ZBRANDTYPES</DOMNAME>
     <VALPOS>0005</VALPOS>
     <DDLANGUAGE>1</DDLANGUAGE>
     <DOMVALUE_L>ABROADO</DOMVALUE_L>
     <DDTEXT>境外品牌（其他）</DDTEXT>
    </DD07V>
   </DD07V_TAB>
   <I18N_LANGS>
    <LANGU>E</LANGU>
   </I18N_LANGS>
   <DD01_TEXTS>
    <item>
     <DDLANGUAGE>E</DDLANGUAGE>
     <DDTEXT>brand type</DDTEXT>
    </item>
   </DD01_TEXTS>
   <DD07_TEXTS>
    <item>
     <VALPOS>0001</VALPOS>
     <DDLANGUAGE>E</DDLANGUAGE>
     <DOMVALUE_L>NOBRAND</DOMVALUE_L>
     <DDTEXT>No Brand</DDTEXT>
    </item>
    <item>
     <VALPOS>0002</VALPOS>
     <DDLANGUAGE>E</DDLANGUAGE>
     <DOMVALUE_L>INBOUND</DOMVALUE_L>
     <DDTEXT>Domestic Brand</DDTEXT>
    </item>
    <item>
     <VALPOS>0003</VALPOS>
     <DDLANGUAGE>E</DDLANGUAGE>
     <DOMVALUE_L>INACCQU</DOMVALUE_L>
     <DDTEXT>Domestic acquisition of Brand</DDTEXT>
    </item>
    <item>
     <VALPOS>0004</VALPOS>
     <DDLANGUAGE>E</DDLANGUAGE>
     <DOMVALUE_L>ABROADT</DOMVALUE_L>
     <DDTEXT>Overseas Brand (OEM)</DDTEXT>
    </item>
    <item>
     <VALPOS>0005</VALPOS>
     <DDLANGUAGE>E</DDLANGUAGE>
     <DOMVALUE_L>ABROADO</DOMVALUE_L>
     <DDTEXT>Overseas Brand (Other)</DDTEXT>
    </item>
   </DD07_TEXTS>
  </asx:values>
 </asx:abap>
</abapGit>
