﻿<?xml version="1.0" encoding="utf-8"?>
<abapGit version="v1.0.0" serializer="LCL_OBJECT_DTEL" serializer_version="v1.0.0">
 <asx:abap xmlns:asx="http://www.sap.com/abapxml" version="1.0">
  <asx:values>
   <DD04V>
    <ROLLNAME>ZBRANDTYPES</ROLLNAME>
    <DDLANGUAGE>1</DDLANGUAGE>
    <DOMNAME>ZBRANDTYPES</DOMNAME>
    <HEADLEN>10</HEADLEN>
    <SCRLEN1>10</SCRLEN1>
    <SCRLEN2>10</SCRLEN2>
    <SCRLEN3>10</SCRLEN3>
    <DDTEXT>品牌类型</DDTEXT>
    <REPTEXT>品牌类型</REPTEXT>
    <SCRTEXT_S>品牌类型</SCRTEXT_S>
    <SCRTEXT_M>品牌类型</SCRTEXT_M>
    <SCRTEXT_L>品牌类型</SCRTEXT_L>
    <DTELMASTER>1</DTELMASTER>
    <REFKIND>D</REFKIND>
   </DD04V>
   <I18N_LANGS>
    <LANGU>E</LANGU>
   </I18N_LANGS>
   <DD04_TEXTS>
    <item>
     <DDLANGUAGE>E</DDLANGUAGE>
     <DDTEXT>brand type</DDTEXT>
     <REPTEXT>brand type</REPTEXT>
     <SCRTEXT_S>brand type</SCRTEXT_S>
     <SCRTEXT_M>brand type</SCRTEXT_M>
     <SCRTEXT_L>brand type</SCRTEXT_L>
    </item>
   </DD04_TEXTS>
  </asx:values>
 </asx:abap>
</abapGit>
