﻿<?xml version="1.0" encoding="utf-8"?>
<abapGit version="v1.0.0" serializer="LCL_OBJECT_DTEL" serializer_version="v1.0.0">
 <asx:abap xmlns:asx="http://www.sap.com/abapxml" version="1.0">
  <asx:values>
   <DD04V>
    <ROLLNAME>ZBULIANG6</ROLLNAME>
    <DDLANGUAGE>1</DDLANGUAGE>
    <DOMNAME>DEC3_2</DOMNAME>
    <HEADLEN>20</HEADLEN>
    <SCRLEN1>10</SCRLEN1>
    <SCRLEN2>15</SCRLEN2>
    <SCRLEN3>20</SCRLEN3>
    <DDTEXT>镭雕不良率（%）</DDTEXT>
    <REPTEXT>镭雕不良率（%）</REPTEXT>
    <SCRTEXT_S>镭雕不良率（%）</SCRTEXT_S>
    <SCRTEXT_M>镭雕不良率（%）</SCRTEXT_M>
    <SCRTEXT_L>镭雕不良率（%）</SCRTEXT_L>
    <DTELMASTER>1</DTELMASTER>
    <REFKIND>D</REFKIND>
   </DD04V>
   <I18N_LANGS>
    <LANGU>E</LANGU>
   </I18N_LANGS>
   <DD04_TEXTS>
    <item>
     <DDLANGUAGE>E</DDLANGUAGE>
     <DDTEXT>Rejection ratio of laser etching</DDTEXT>
     <REPTEXT>Rejection ratio of l</REPTEXT>
     <SCRTEXT_S>Rejection</SCRTEXT_S>
     <SCRTEXT_M>Rejection ratio</SCRTEXT_M>
     <SCRTEXT_L>Rejection ratio of l</SCRTEXT_L>
    </item>
   </DD04_TEXTS>
  </asx:values>
 </asx:abap>
</abapGit>
