﻿<?xml version="1.0" encoding="utf-8"?>
<abapGit version="v1.0.0" serializer="LCL_OBJECT_DTEL" serializer_version="v1.0.0">
 <asx:abap xmlns:asx="http://www.sap.com/abapxml" version="1.0">
  <asx:values>
   <DD04V>
    <ROLLNAME>ZCARPROPORTION</ROLLNAME>
    <DDLANGUAGE>1</DDLANGUAGE>
    <DOMNAME>ZCARPROPORTION</DOMNAME>
    <HEADLEN>40</HEADLEN>
    <SCRLEN1>10</SCRLEN1>
    <SCRLEN2>20</SCRLEN2>
    <SCRLEN3>40</SCRLEN3>
    <DDTEXT>汽车类业务占比（%）</DDTEXT>
    <REPTEXT>汽车类业务占比（%）</REPTEXT>
    <SCRTEXT_S>汽车类业务占比（%）</SCRTEXT_S>
    <SCRTEXT_M>汽车类业务占比（%）</SCRTEXT_M>
    <SCRTEXT_L>汽车类业务占比（%）</SCRTEXT_L>
    <DTELMASTER>1</DTELMASTER>
    <REFKIND>D</REFKIND>
   </DD04V>
   <I18N_LANGS>
    <LANGU>E</LANGU>
   </I18N_LANGS>
   <DD04_TEXTS>
    <item>
     <DDLANGUAGE>E</DDLANGUAGE>
     <DDTEXT>Business Ratio in Auto(%)</DDTEXT>
     <REPTEXT>Business Ratio in Auto(%)</REPTEXT>
     <SCRTEXT_S>Business R</SCRTEXT_S>
     <SCRTEXT_M>Business Ratio in Au</SCRTEXT_M>
     <SCRTEXT_L>Business Ratio in Auto(%)</SCRTEXT_L>
    </item>
   </DD04_TEXTS>
  </asx:values>
 </asx:abap>
</abapGit>
