﻿<?xml version="1.0" encoding="utf-8"?>
<abapGit version="v1.0.0" serializer="LCL_OBJECT_DTEL" serializer_version="v1.0.0">
 <asx:abap xmlns:asx="http://www.sap.com/abapxml" version="1.0">
  <asx:values>
   <DD04V>
    <ROLLNAME>ZCERTIFCTYPE</ROLLNAME>
    <DDLANGUAGE>1</DDLANGUAGE>
    <DOMNAME>ZCERTIFCTYPE</DOMNAME>
    <HEADLEN>40</HEADLEN>
    <SCRLEN1>10</SCRLEN1>
    <SCRLEN2>20</SCRLEN2>
    <SCRLEN3>40</SCRLEN3>
    <DDTEXT>证书类型</DDTEXT>
    <REPTEXT>证书类型</REPTEXT>
    <SCRTEXT_S>证书类型</SCRTEXT_S>
    <SCRTEXT_M>证书类型</SCRTEXT_M>
    <SCRTEXT_L>证书类型</SCRTEXT_L>
    <DTELMASTER>1</DTELMASTER>
    <REFKIND>D</REFKIND>
   </DD04V>
   <I18N_LANGS>
    <LANGU>E</LANGU>
   </I18N_LANGS>
   <DD04_TEXTS>
    <item>
     <DDLANGUAGE>E</DDLANGUAGE>
     <DDTEXT>Certificate Type</DDTEXT>
     <REPTEXT>Certificate Type</REPTEXT>
     <SCRTEXT_S>Certificat</SCRTEXT_S>
     <SCRTEXT_M>Certificate Type</SCRTEXT_M>
     <SCRTEXT_L>Certificate Type</SCRTEXT_L>
    </item>
   </DD04_TEXTS>
  </asx:values>
 </asx:abap>
</abapGit>
