﻿<?xml version="1.0" encoding="utf-8"?>
<abapGit version="v1.0.0" serializer="LCL_OBJECT_DTEL" serializer_version="v1.0.0">
 <asx:abap xmlns:asx="http://www.sap.com/abapxml" version="1.0">
  <asx:values>
   <DD04V>
    <ROLLNAME>ZCG5JSSM</ROLLNAME>
    <DDLANGUAGE>1</DDLANGUAGE>
    <DOMNAME>CHAR40</DOMNAME>
    <HEADLEN>20</HEADLEN>
    <SCRLEN1>10</SCRLEN1>
    <SCRLEN2>15</SCRLEN2>
    <SCRLEN3>20</SCRLEN3>
    <DDTEXT>超过5%，计算说明</DDTEXT>
    <REPTEXT>超过5%，计算说明</REPTEXT>
    <SCRTEXT_S>超过5%，计算说明</SCRTEXT_S>
    <SCRTEXT_M>超过5%，计算说明</SCRTEXT_M>
    <SCRTEXT_L>超过5%，计算说明</SCRTEXT_L>
    <DTELMASTER>1</DTELMASTER>
    <REFKIND>D</REFKIND>
   </DD04V>
   <I18N_LANGS>
    <LANGU>E</LANGU>
   </I18N_LANGS>
   <DD04_TEXTS>
    <item>
     <DDLANGUAGE>E</DDLANGUAGE>
     <DDTEXT>Remarks(over5%)</DDTEXT>
     <REPTEXT>Remarks(over5%)</REPTEXT>
     <SCRTEXT_S>Remarks(ov</SCRTEXT_S>
     <SCRTEXT_M>Remarks(over5%)</SCRTEXT_M>
     <SCRTEXT_L>Remarks(over5%)</SCRTEXT_L>
    </item>
   </DD04_TEXTS>
  </asx:values>
 </asx:abap>
</abapGit>
