﻿<?xml version="1.0" encoding="utf-8"?>
<abapGit version="v1.0.0" serializer="LCL_OBJECT_CLAS" serializer_version="v1.0.0">
 <asx:abap xmlns:asx="http://www.sap.com/abapxml" version="1.0">
  <asx:values>
   <VSEOCLASS>
    <CLSNAME>ZCL_FPM058_CAB</CLSNAME>
    <VERSION>1</VERSION>
    <LANGU>1</LANGU>
    <DESCRIPT>线束明细报价界面</DESCRIPT>
    <EXPOSURE>2</EXPOSURE>
    <STATE>1</STATE>
    <CLSCCINCL>X</CLSCCINCL>
    <FIXPT>X</FIXPT>
    <UNICODE>X</UNICODE>
   </VSEOCLASS>
   <TPOOL>
    <item>
     <ID>I</ID>
     <KEY>001</KEY>
     <ENTRY>新增行</ENTRY>
     <LENGTH>13</LENGTH>
    </item>
    <item>
     <ID>I</ID>
     <KEY>002</KEY>
     <ENTRY>删除行</ENTRY>
     <LENGTH>13</LENGTH>
    </item>
    <item>
     <ID>I</ID>
     <KEY>003</KEY>
     <ENTRY>保存</ENTRY>
     <LENGTH>12</LENGTH>
    </item>
    <item>
     <ID>I</ID>
     <KEY>004</KEY>
     <ENTRY>导入</ENTRY>
     <LENGTH>12</LENGTH>
    </item>
    <item>
     <ID>I</ID>
     <KEY>005</KEY>
     <ENTRY>导出</ENTRY>
     <LENGTH>12</LENGTH>
    </item>
    <item>
     <ID>I</ID>
     <KEY>007</KEY>
     <ENTRY>行项目</ENTRY>
     <LENGTH>13</LENGTH>
    </item>
    <item>
     <ID>I</ID>
     <KEY>008</KEY>
     <ENTRY>回应编号</ENTRY>
     <LENGTH>14</LENGTH>
    </item>
    <item>
     <ID>I</ID>
     <KEY>009</KEY>
     <ENTRY>RFX编号</ENTRY>
     <LENGTH>15</LENGTH>
    </item>
    <item>
     <ID>I</ID>
     <KEY>010</KEY>
     <ENTRY>供应商编号</ENTRY>
     <LENGTH>15</LENGTH>
    </item>
    <item>
     <ID>I</ID>
     <KEY>011</KEY>
     <ENTRY>组件1编号</ENTRY>
     <LENGTH>15</LENGTH>
    </item>
    <item>
     <ID>I</ID>
     <KEY>012</KEY>
     <ENTRY>组件1描述</ENTRY>
     <LENGTH>15</LENGTH>
    </item>
    <item>
     <ID>I</ID>
     <KEY>013</KEY>
     <ENTRY>组件2编号</ENTRY>
     <LENGTH>15</LENGTH>
    </item>
    <item>
     <ID>I</ID>
     <KEY>014</KEY>
     <ENTRY>组件2描述</ENTRY>
     <LENGTH>15</LENGTH>
    </item>
    <item>
     <ID>I</ID>
     <KEY>015</KEY>
     <ENTRY>流水号</ENTRY>
     <LENGTH>13</LENGTH>
    </item>
    <item>
     <ID>I</ID>
     <KEY>016</KEY>
     <ENTRY>规格型号</ENTRY>
     <LENGTH>14</LENGTH>
    </item>
    <item>
     <ID>I</ID>
     <KEY>017</KEY>
     <ENTRY>数量</ENTRY>
     <LENGTH>12</LENGTH>
    </item>
    <item>
     <ID>I</ID>
     <KEY>018</KEY>
     <ENTRY>单位</ENTRY>
     <LENGTH>12</LENGTH>
    </item>
    <item>
     <ID>I</ID>
     <KEY>019</KEY>
     <ENTRY>单价</ENTRY>
     <LENGTH>12</LENGTH>
    </item>
    <item>
     <ID>I</ID>
     <KEY>020</KEY>
     <ENTRY>总价</ENTRY>
     <LENGTH>12</LENGTH>
    </item>
    <item>
     <ID>I</ID>
     <KEY>021</KEY>
     <ENTRY>序号</ENTRY>
     <LENGTH>12</LENGTH>
    </item>
   </TPOOL>
  </asx:values>
 </asx:abap>
</abapGit>
