﻿<?xml version="1.0" encoding="utf-8"?>
<abapGit version="v1.0.0" serializer="LCL_OBJECT_CLAS" serializer_version="v1.0.0">
 <asx:abap xmlns:asx="http://www.sap.com/abapxml" version="1.0">
  <asx:values>
   <VSEOCLASS>
    <CLSNAME>ZCL_FPM003_PRESELECTION</CLSNAME>
    <VERSION>1</VERSION>
    <LANGU>1</LANGU>
    <DESCRIPT>供应商预选</DESCRIPT>
    <EXPOSURE>2</EXPOSURE>
    <STATE>1</STATE>
    <CLSFINAL>X</CLSFINAL>
    <CLSCCINCL>X</CLSCCINCL>
    <FIXPT>X</FIXPT>
    <UNICODE>X</UNICODE>
   </VSEOCLASS>
   <TPOOL>
    <item>
     <ID>I</ID>
     <KEY>001</KEY>
     <ENTRY>编辑</ENTRY>
     <LENGTH>100</LENGTH>
    </item>
    <item>
     <ID>I</ID>
     <KEY>002</KEY>
     <ENTRY>重置调查问卷状态</ENTRY>
     <LENGTH>100</LENGTH>
    </item>
    <item>
     <ID>I</ID>
     <KEY>003</KEY>
     <ENTRY>初审接受</ENTRY>
     <LENGTH>100</LENGTH>
    </item>
    <item>
     <ID>I</ID>
     <KEY>004</KEY>
     <ENTRY>初审拒绝</ENTRY>
     <LENGTH>100</LENGTH>
    </item>
    <item>
     <ID>I</ID>
     <KEY>005</KEY>
     <ENTRY>发起生产供应商对比引入OA审批</ENTRY>
     <LENGTH>100</LENGTH>
    </item>
    <item>
     <ID>I</ID>
     <KEY>006</KEY>
     <ENTRY>发起非生产性供应商引入OA审批</ENTRY>
     <LENGTH>100</LENGTH>
    </item>
    <item>
     <ID>I</ID>
     <KEY>007</KEY>
     <ENTRY>正式供应商信息维护及传输</ENTRY>
     <LENGTH>100</LENGTH>
    </item>
    <item>
     <ID>I</ID>
     <KEY>008</KEY>
     <ENTRY>发起供应商- 财务视图维护</ENTRY>
     <LENGTH>100</LENGTH>
    </item>
    <item>
     <ID>I</ID>
     <KEY>009</KEY>
     <ENTRY>创建正式账号</ENTRY>
     <LENGTH>100</LENGTH>
    </item>
    <item>
     <ID>I</ID>
     <KEY>010</KEY>
     <ENTRY>一次性（临时）供应商信息维护</ENTRY>
     <LENGTH>100</LENGTH>
    </item>
    <item>
     <ID>I</ID>
     <KEY>011</KEY>
     <ENTRY>创建临时账号</ENTRY>
     <LENGTH>100</LENGTH>
    </item>
    <item>
     <ID>I</ID>
     <KEY>012</KEY>
     <ENTRY>附件上传及下载</ENTRY>
     <LENGTH>100</LENGTH>
    </item>
    <item>
     <ID>I</ID>
     <KEY>013</KEY>
     <ENTRY>保存</ENTRY>
     <LENGTH>100</LENGTH>
    </item>
    <item>
     <ID>I</ID>
     <KEY>014</KEY>
     <ENTRY>电子工程师数量</ENTRY>
     <LENGTH>100</LENGTH>
    </item>
    <item>
     <ID>I</ID>
     <KEY>015</KEY>
     <ENTRY>机械工程师数量</ENTRY>
     <LENGTH>100</LENGTH>
    </item>
    <item>
     <ID>I</ID>
     <KEY>016</KEY>
     <ENTRY>软件工程师数量</ENTRY>
     <LENGTH>100</LENGTH>
    </item>
    <item>
     <ID>I</ID>
     <KEY>017</KEY>
     <ENTRY>工程设计工程师数量</ENTRY>
     <LENGTH>100</LENGTH>
    </item>
    <item>
     <ID>I</ID>
     <KEY>018</KEY>
     <ENTRY>其他工程师数量</ENTRY>
     <LENGTH>100</LENGTH>
    </item>
    <item>
     <ID>I</ID>
     <KEY>019</KEY>
     <ENTRY>名</ENTRY>
     <LENGTH>100</LENGTH>
    </item>
    <item>
     <ID>I</ID>
     <KEY>020</KEY>
     <ENTRY>向供应商发送邀请电子邮件</ENTRY>
     <LENGTH>100</LENGTH>
    </item>
    <item>
     <ID>I</ID>
     <KEY>021</KEY>
     <ENTRY>供应商注册邀请（惠州市德赛西威汽车电子股份有限公司）</ENTRY>
     <LENGTH>100</LENGTH>
    </item>
    <item>
     <ID>I</ID>
     <KEY>022</KEY>
     <ENTRY>正式供应商账号通知（惠州市德赛西威汽车电子股份有限公司）</ENTRY>
     <LENGTH>100</LENGTH>
    </item>
    <item>
     <ID>I</ID>
     <KEY>023</KEY>
     <ENTRY>一次性/临时供应商账号通知（惠州市德赛西威汽车电子股份有限公司）</ENTRY>
     <LENGTH>100</LENGTH>
    </item>
    <item>
     <ID>I</ID>
     <KEY>024</KEY>
     <ENTRY>潜在供应商编码</ENTRY>
     <LENGTH>100</LENGTH>
    </item>
    <item>
     <ID>I</ID>
     <KEY>025</KEY>
     <ENTRY>供应商注册登记号</ENTRY>
     <LENGTH>100</LENGTH>
    </item>
    <item>
     <ID>I</ID>
     <KEY>026</KEY>
     <ENTRY>供应商名称</ENTRY>
     <LENGTH>100</LENGTH>
    </item>
    <item>
     <ID>I</ID>
     <KEY>027</KEY>
     <ENTRY>正式供应商编码</ENTRY>
     <LENGTH>100</LENGTH>
    </item>
    <item>
     <ID>I</ID>
     <KEY>028</KEY>
     <ENTRY>调查表状态</ENTRY>
     <LENGTH>100</LENGTH>
    </item>
    <item>
     <ID>I</ID>
     <KEY>029</KEY>
     <ENTRY>评审状态</ENTRY>
     <LENGTH>100</LENGTH>
    </item>
    <item>
     <ID>I</ID>
     <KEY>030</KEY>
     <ENTRY>注册时间</ENTRY>
     <LENGTH>100</LENGTH>
    </item>
    <item>
     <ID>I</ID>
     <KEY>031</KEY>
     <ENTRY>供应商类型</ENTRY>
     <LENGTH>100</LENGTH>
    </item>
    <item>
     <ID>I</ID>
     <KEY>032</KEY>
     <ENTRY>供应商状态</ENTRY>
     <LENGTH>100</LENGTH>
    </item>
    <item>
     <ID>I</ID>
     <KEY>033</KEY>
     <ENTRY>采购员</ENTRY>
     <LENGTH>100</LENGTH>
    </item>
    <item>
     <ID>I</ID>
     <KEY>034</KEY>
     <ENTRY>注册编码</ENTRY>
     <LENGTH>14</LENGTH>
    </item>
    <item>
     <ID>I</ID>
     <KEY>035</KEY>
     <ENTRY>供应商注册登记号</ENTRY>
     <LENGTH>18</LENGTH>
    </item>
    <item>
     <ID>I</ID>
     <KEY>036</KEY>
     <ENTRY>正式供应商编码</ENTRY>
     <LENGTH>17</LENGTH>
    </item>
    <item>
     <ID>I</ID>
     <KEY>037</KEY>
     <ENTRY>供应商类型</ENTRY>
     <LENGTH>15</LENGTH>
    </item>
    <item>
     <ID>I</ID>
     <KEY>038</KEY>
     <ENTRY>供应商类别</ENTRY>
     <LENGTH>15</LENGTH>
    </item>
    <item>
     <ID>I</ID>
     <KEY>039</KEY>
     <ENTRY>正式账号</ENTRY>
     <LENGTH>14</LENGTH>
    </item>
    <item>
     <ID>I</ID>
     <KEY>040</KEY>
     <ENTRY>临时CODE</ENTRY>
     <LENGTH>16</LENGTH>
    </item>
    <item>
     <ID>I</ID>
     <KEY>041</KEY>
     <ENTRY>临时账号</ENTRY>
     <LENGTH>16</LENGTH>
    </item>
    <item>
     <ID>I</ID>
     <KEY>042</KEY>
     <ENTRY>附件上传及下载</ENTRY>
     <LENGTH>16</LENGTH>
    </item>
    <item>
     <ID>I</ID>
     <KEY>043</KEY>
     <ENTRY>主题</ENTRY>
     <LENGTH>12</LENGTH>
    </item>
    <item>
     <ID>I</ID>
     <KEY>044</KEY>
     <ENTRY>供应商维护</ENTRY>
     <LENGTH>30</LENGTH>
    </item>
    <item>
     <ID>I</ID>
     <KEY>045</KEY>
     <ENTRY>分配采购员</ENTRY>
     <LENGTH>16</LENGTH>
    </item>
    <item>
     <ID>I</ID>
     <KEY>046</KEY>
     <ENTRY>采购员姓名</ENTRY>
     <LENGTH>15</LENGTH>
    </item>
    <item>
     <ID>I</ID>
     <KEY>047</KEY>
     <ENTRY>删除</ENTRY>
     <LENGTH>12</LENGTH>
    </item>
   </TPOOL>
   <DESCRIPTIONS>
    <SEOCOMPOTX>
     <CLSNAME>ZCL_FPM003_PRESELECTION</CLSNAME>
     <CMPNAME>GV_VENDORTYPE</CMPNAME>
     <LANGU>1</LANGU>
     <DESCRIPT>供应商主要提供物质性质</DESCRIPT>
    </SEOCOMPOTX>
    <SEOCOMPOTX>
     <CLSNAME>ZCL_FPM003_PRESELECTION</CLSNAME>
     <CMPNAME>MO_SHARED_DATA</CMPNAME>
     <LANGU>1</LANGU>
     <DESCRIPT>Y_CL_WD_SHARED_DATA</DESCRIPT>
    </SEOCOMPOTX>
    <SEOCOMPOTX>
     <CLSNAME>ZCL_FPM003_PRESELECTION</CLSNAME>
     <CMPNAME>M_CHECK_FORMAL_VENDOR</CMPNAME>
     <LANGU>1</LANGU>
     <DESCRIPT>维护正式供应商并传输ERP数据校验</DESCRIPT>
    </SEOCOMPOTX>
    <SEOCOMPOTX>
     <CLSNAME>ZCL_FPM003_PRESELECTION</CLSNAME>
     <CMPNAME>M_CHECK_SEND2OA</CMPNAME>
     <LANGU>1</LANGU>
     <DESCRIPT>发起供应商引入OA审批数据校验</DESCRIPT>
    </SEOCOMPOTX>
    <SEOCOMPOTX>
     <CLSNAME>ZCL_FPM003_PRESELECTION</CLSNAME>
     <CMPNAME>M_CREATE_FORMAL_ACC</CMPNAME>
     <LANGU>1</LANGU>
     <DESCRIPT>创建正式账号</DESCRIPT>
    </SEOCOMPOTX>
    <SEOCOMPOTX>
     <CLSNAME>ZCL_FPM003_PRESELECTION</CLSNAME>
     <CMPNAME>M_CREATE_TEMP_ACC</CMPNAME>
     <LANGU>1</LANGU>
     <DESCRIPT>创建临时账号</DESCRIPT>
    </SEOCOMPOTX>
    <SEOCOMPOTX>
     <CLSNAME>ZCL_FPM003_PRESELECTION</CLSNAME>
     <CMPNAME>M_EXCUTE_SEARCH</CMPNAME>
     <LANGU>1</LANGU>
     <DESCRIPT>Excute Search</DESCRIPT>
    </SEOCOMPOTX>
    <SEOCOMPOTX>
     <CLSNAME>ZCL_FPM003_PRESELECTION</CLSNAME>
     <CMPNAME>M_FIRST_APPROVAL</CMPNAME>
     <LANGU>1</LANGU>
     <DESCRIPT>初审</DESCRIPT>
    </SEOCOMPOTX>
    <SEOCOMPOTX>
     <CLSNAME>ZCL_FPM003_PRESELECTION</CLSNAME>
     <CMPNAME>M_GENERAL_CHECK</CMPNAME>
     <LANGU>1</LANGU>
     <DESCRIPT>General Check</DESCRIPT>
    </SEOCOMPOTX>
    <SEOCOMPOTX>
     <CLSNAME>ZCL_FPM003_PRESELECTION</CLSNAME>
     <CMPNAME>M_GO2QUESTIONNAIRE</CMPNAME>
     <LANGU>1</LANGU>
     <DESCRIPT>跳转调查问卷</DESCRIPT>
    </SEOCOMPOTX>
    <SEOCOMPOTX>
     <CLSNAME>ZCL_FPM003_PRESELECTION</CLSNAME>
     <CMPNAME>M_MAINTAIN_FINANCE_VIEW</CMPNAME>
     <LANGU>1</LANGU>
     <DESCRIPT>发起供应商-财务视图维护</DESCRIPT>
    </SEOCOMPOTX>
    <SEOCOMPOTX>
     <CLSNAME>ZCL_FPM003_PRESELECTION</CLSNAME>
     <CMPNAME>M_MAINTAIN_FORMAL_VEN</CMPNAME>
     <LANGU>1</LANGU>
     <DESCRIPT>正式供应商信息维护及传输</DESCRIPT>
    </SEOCOMPOTX>
    <SEOCOMPOTX>
     <CLSNAME>ZCL_FPM003_PRESELECTION</CLSNAME>
     <CMPNAME>M_RESET_QUESTIONNAIRE</CMPNAME>
     <LANGU>1</LANGU>
     <DESCRIPT>重置调查问卷状态</DESCRIPT>
    </SEOCOMPOTX>
    <SEOCOMPOTX>
     <CLSNAME>ZCL_FPM003_PRESELECTION</CLSNAME>
     <CMPNAME>M_SAVE_DATA</CMPNAME>
     <LANGU>1</LANGU>
     <DESCRIPT>保存</DESCRIPT>
    </SEOCOMPOTX>
    <SEOCOMPOTX>
     <CLSNAME>ZCL_FPM003_PRESELECTION</CLSNAME>
     <CMPNAME>M_VENDOR_SEND2OA</CMPNAME>
     <LANGU>1</LANGU>
     <DESCRIPT>发起供应商引入OA审批</DESCRIPT>
    </SEOCOMPOTX>
   </DESCRIPTIONS>
  </asx:values>
 </asx:abap>
</abapGit>
