﻿<?xml version="1.0" encoding="utf-8"?>
<abapGit version="v1.0.0" serializer="LCL_OBJECT_CLAS" serializer_version="v1.0.0">
 <asx:abap xmlns:asx="http://www.sap.com/abapxml" version="1.0">
  <asx:values>
   <VSEOCLASS>
    <CLSNAME>ZCL_FPM057PCB</CLSNAME>
    <VERSION>1</VERSION>
    <LANGU>1</LANGU>
    <DESCRIPT>SRM-FS-057PCB明细报价</DESCRIPT>
    <EXPOSURE>2</EXPOSURE>
    <STATE>1</STATE>
    <CLSFINAL>X</CLSFINAL>
    <CLSCCINCL>X</CLSCCINCL>
    <FIXPT>X</FIXPT>
    <UNICODE>X</UNICODE>
   </VSEOCLASS>
   <TPOOL>
    <item>
     <ID>I</ID>
     <KEY>001</KEY>
     <ENTRY>保存</ENTRY>
     <LENGTH>12</LENGTH>
    </item>
    <item>
     <ID>I</ID>
     <KEY>002</KEY>
     <ENTRY>导入</ENTRY>
     <LENGTH>12</LENGTH>
    </item>
    <item>
     <ID>I</ID>
     <KEY>003</KEY>
     <ENTRY>导出</ENTRY>
     <LENGTH>12</LENGTH>
    </item>
    <item>
     <ID>I</ID>
     <KEY>004</KEY>
     <ENTRY>回车</ENTRY>
     <LENGTH>12</LENGTH>
    </item>
    <item>
     <ID>I</ID>
     <KEY>005</KEY>
     <ENTRY>行项目</ENTRY>
     <LENGTH>13</LENGTH>
    </item>
    <item>
     <ID>I</ID>
     <KEY>006</KEY>
     <ENTRY>物料号</ENTRY>
     <LENGTH>13</LENGTH>
    </item>
    <item>
     <ID>I</ID>
     <KEY>007</KEY>
     <ENTRY>物料描述</ENTRY>
     <LENGTH>14</LENGTH>
    </item>
    <item>
     <ID>I</ID>
     <KEY>008</KEY>
     <ENTRY>货币</ENTRY>
     <LENGTH>12</LENGTH>
    </item>
    <item>
     <ID>I</ID>
     <KEY>009</KEY>
     <ENTRY>表面处理工艺</ENTRY>
     <LENGTH>16</LENGTH>
    </item>
    <item>
     <ID>I</ID>
     <KEY>010</KEY>
     <ENTRY>表面处理药水品牌</ENTRY>
     <LENGTH>26</LENGTH>
    </item>
    <item>
     <ID>I</ID>
     <KEY>011</KEY>
     <ENTRY>层数</ENTRY>
     <LENGTH>12</LENGTH>
    </item>
    <item>
     <ID>I</ID>
     <KEY>012</KEY>
     <ENTRY>Tg（℃）</ENTRY>
     <LENGTH>15</LENGTH>
    </item>
    <item>
     <ID>I</ID>
     <KEY>013</KEY>
     <ENTRY>图纸尺寸(长*宽*厚，MM)</ENTRY>
     <LENGTH>24</LENGTH>
    </item>
    <item>
     <ID>I</ID>
     <KEY>014</KEY>
     <ENTRY>拼板数量Pcs</ENTRY>
     <LENGTH>17</LENGTH>
    </item>
    <item>
     <ID>I</ID>
     <KEY>015</KEY>
     <ENTRY>大料尺寸</ENTRY>
     <LENGTH>18</LENGTH>
    </item>
    <item>
     <ID>I</ID>
     <KEY>016</KEY>
     <ENTRY>开料方式</ENTRY>
     <LENGTH>14</LENGTH>
    </item>
    <item>
     <ID>I</ID>
     <KEY>017</KEY>
     <ENTRY>利用率%</ENTRY>
     <LENGTH>14</LENGTH>
    </item>
    <item>
     <ID>I</ID>
     <KEY>018</KEY>
     <ENTRY>板料类型</ENTRY>
     <LENGTH>14</LENGTH>
    </item>
    <item>
     <ID>I</ID>
     <KEY>019</KEY>
     <ENTRY>板料品牌</ENTRY>
     <LENGTH>14</LENGTH>
    </item>
    <item>
     <ID>I</ID>
     <KEY>020</KEY>
     <ENTRY>板料型号</ENTRY>
     <LENGTH>14</LENGTH>
    </item>
    <item>
     <ID>I</ID>
     <KEY>021</KEY>
     <ENTRY>板材费用</ENTRY>
     <LENGTH>14</LENGTH>
    </item>
    <item>
     <ID>I</ID>
     <KEY>022</KEY>
     <ENTRY>铜箔费用</ENTRY>
     <LENGTH>14</LENGTH>
    </item>
    <item>
     <ID>I</ID>
     <KEY>023</KEY>
     <ENTRY>Prepreg费用</ENTRY>
     <LENGTH>19</LENGTH>
    </item>
    <item>
     <ID>I</ID>
     <KEY>024</KEY>
     <ENTRY>原材料费用</ENTRY>
     <LENGTH>15</LENGTH>
    </item>
    <item>
     <ID>I</ID>
     <KEY>025</KEY>
     <ENTRY>制程费用</ENTRY>
     <LENGTH>14</LENGTH>
    </item>
    <item>
     <ID>I</ID>
     <KEY>026</KEY>
     <ENTRY>其他辅料及包装费用</ENTRY>
     <LENGTH>19</LENGTH>
    </item>
    <item>
     <ID>I</ID>
     <KEY>027</KEY>
     <ENTRY>运输费用</ENTRY>
     <LENGTH>14</LENGTH>
    </item>
    <item>
     <ID>I</ID>
     <KEY>028</KEY>
     <ENTRY>管理费用</ENTRY>
     <LENGTH>14</LENGTH>
    </item>
    <item>
     <ID>I</ID>
     <KEY>029</KEY>
     <ENTRY>利润</ENTRY>
     <LENGTH>12</LENGTH>
    </item>
    <item>
     <ID>I</ID>
     <KEY>030</KEY>
     <ENTRY>不含税总价</ENTRY>
     <LENGTH>15</LENGTH>
    </item>
    <item>
     <ID>I</ID>
     <KEY>031</KEY>
     <ENTRY>模具费</ENTRY>
     <LENGTH>13</LENGTH>
    </item>
    <item>
     <ID>I</ID>
     <KEY>032</KEY>
     <ENTRY>测试架费</ENTRY>
     <LENGTH>14</LENGTH>
    </item>
    <item>
     <ID>I</ID>
     <KEY>033</KEY>
     <ENTRY>备注</ENTRY>
     <LENGTH>12</LENGTH>
    </item>
    <item>
     <ID>I</ID>
     <KEY>035</KEY>
     <ENTRY>PCB明细报价.xlsx</ENTRY>
     <LENGTH>22</LENGTH>
    </item>
    <item>
     <ID>I</ID>
     <KEY>036</KEY>
     <ENTRY>行项目</ENTRY>
     <LENGTH>10</LENGTH>
    </item>
    <item>
     <ID>I</ID>
     <KEY>037</KEY>
     <ENTRY>物料号</ENTRY>
     <LENGTH>13</LENGTH>
    </item>
    <item>
     <ID>I</ID>
     <KEY>038</KEY>
     <ENTRY>物料描述</ENTRY>
     <LENGTH>14</LENGTH>
    </item>
    <item>
     <ID>I</ID>
     <KEY>039</KEY>
     <ENTRY>货币</ENTRY>
     <LENGTH>12</LENGTH>
    </item>
    <item>
     <ID>I</ID>
     <KEY>040</KEY>
     <ENTRY>表面处理工艺</ENTRY>
     <LENGTH>16</LENGTH>
    </item>
    <item>
     <ID>I</ID>
     <KEY>041</KEY>
     <ENTRY>表面处理药水品牌</ENTRY>
     <LENGTH>30</LENGTH>
    </item>
    <item>
     <ID>I</ID>
     <KEY>042</KEY>
     <ENTRY>层数</ENTRY>
     <LENGTH>12</LENGTH>
    </item>
    <item>
     <ID>I</ID>
     <KEY>043</KEY>
     <ENTRY>Tg（℃）</ENTRY>
     <LENGTH>15</LENGTH>
    </item>
    <item>
     <ID>I</ID>
     <KEY>044</KEY>
     <ENTRY>图纸尺寸(长*宽*厚，MM)</ENTRY>
     <LENGTH>24</LENGTH>
    </item>
    <item>
     <ID>I</ID>
     <KEY>045</KEY>
     <ENTRY>拼板数量Pcs</ENTRY>
     <LENGTH>17</LENGTH>
    </item>
    <item>
     <ID>I</ID>
     <KEY>046</KEY>
     <ENTRY>大料尺寸</ENTRY>
     <LENGTH>20</LENGTH>
    </item>
    <item>
     <ID>I</ID>
     <KEY>047</KEY>
     <ENTRY>开料方式</ENTRY>
     <LENGTH>20</LENGTH>
    </item>
    <item>
     <ID>I</ID>
     <KEY>048</KEY>
     <ENTRY>利用率%</ENTRY>
     <LENGTH>14</LENGTH>
    </item>
    <item>
     <ID>I</ID>
     <KEY>049</KEY>
     <ENTRY>板料类型</ENTRY>
     <LENGTH>14</LENGTH>
    </item>
    <item>
     <ID>I</ID>
     <KEY>050</KEY>
     <ENTRY>板料品牌</ENTRY>
     <LENGTH>14</LENGTH>
    </item>
    <item>
     <ID>I</ID>
     <KEY>051</KEY>
     <ENTRY>板料型号</ENTRY>
     <LENGTH>14</LENGTH>
    </item>
    <item>
     <ID>I</ID>
     <KEY>052</KEY>
     <ENTRY>板材费用</ENTRY>
     <LENGTH>14</LENGTH>
    </item>
    <item>
     <ID>I</ID>
     <KEY>053</KEY>
     <ENTRY>铜箔费用</ENTRY>
     <LENGTH>14</LENGTH>
    </item>
    <item>
     <ID>I</ID>
     <KEY>054</KEY>
     <ENTRY>Prepreg费用</ENTRY>
     <LENGTH>19</LENGTH>
    </item>
    <item>
     <ID>I</ID>
     <KEY>055</KEY>
     <ENTRY>原材料费用</ENTRY>
     <LENGTH>15</LENGTH>
    </item>
    <item>
     <ID>I</ID>
     <KEY>056</KEY>
     <ENTRY>制程费用</ENTRY>
     <LENGTH>14</LENGTH>
    </item>
    <item>
     <ID>I</ID>
     <KEY>057</KEY>
     <ENTRY>其他辅料及包装费用</ENTRY>
     <LENGTH>19</LENGTH>
    </item>
    <item>
     <ID>I</ID>
     <KEY>058</KEY>
     <ENTRY>运输费用</ENTRY>
     <LENGTH>14</LENGTH>
    </item>
    <item>
     <ID>I</ID>
     <KEY>059</KEY>
     <ENTRY>管理费用</ENTRY>
     <LENGTH>14</LENGTH>
    </item>
    <item>
     <ID>I</ID>
     <KEY>060</KEY>
     <ENTRY>利润</ENTRY>
     <LENGTH>12</LENGTH>
    </item>
    <item>
     <ID>I</ID>
     <KEY>061</KEY>
     <ENTRY>不含税总价</ENTRY>
     <LENGTH>15</LENGTH>
    </item>
    <item>
     <ID>I</ID>
     <KEY>062</KEY>
     <ENTRY>模具费</ENTRY>
     <LENGTH>13</LENGTH>
    </item>
    <item>
     <ID>I</ID>
     <KEY>063</KEY>
     <ENTRY>测试架费</ENTRY>
     <LENGTH>14</LENGTH>
    </item>
    <item>
     <ID>I</ID>
     <KEY>064</KEY>
     <ENTRY>备注</ENTRY>
     <LENGTH>12</LENGTH>
    </item>
    <item>
     <ID>I</ID>
     <KEY>065</KEY>
     <ENTRY>序号</ENTRY>
     <LENGTH>20</LENGTH>
    </item>
   </TPOOL>
   <DESCRIPTIONS>
    <SEOCOMPOTX>
     <CLSNAME>ZCL_FPM057PCB</CLSNAME>
     <CMPNAME>GV_CURRENCY</CMPNAME>
     <LANGU>1</LANGU>
     <DESCRIPT>货币码</DESCRIPT>
    </SEOCOMPOTX>
    <SEOCOMPOTX>
     <CLSNAME>ZCL_FPM057PCB</CLSNAME>
     <CMPNAME>GV_ENTER</CMPNAME>
     <LANGU>1</LANGU>
     <DESCRIPT>复选框</DESCRIPT>
    </SEOCOMPOTX>
    <SEOCOMPOTX>
     <CLSNAME>ZCL_FPM057PCB</CLSNAME>
     <CMPNAME>GV_GUID</CMPNAME>
     <LANGU>1</LANGU>
     <DESCRIPT>CRM 订单对象的 GUID</DESCRIPT>
    </SEOCOMPOTX>
    <SEOCOMPOTX>
     <CLSNAME>ZCL_FPM057PCB</CLSNAME>
     <CMPNAME>GV_NUMBER_INT</CMPNAME>
     <LANGU>1</LANGU>
     <DESCRIPT>凭证中的项目编号</DESCRIPT>
    </SEOCOMPOTX>
    <SEOCOMPOTX>
     <CLSNAME>ZCL_FPM057PCB</CLSNAME>
     <CMPNAME>GV_OBJECT_ID</CMPNAME>
     <LANGU>1</LANGU>
     <DESCRIPT>处理标识</DESCRIPT>
    </SEOCOMPOTX>
    <SEOCOMPOTX>
     <CLSNAME>ZCL_FPM057PCB</CLSNAME>
     <CMPNAME>GV_PARTNER</CMPNAME>
     <LANGU>1</LANGU>
     <DESCRIPT>业务伙伴编号</DESCRIPT>
    </SEOCOMPOTX>
    <SEOCOMPOTX>
     <CLSNAME>ZCL_FPM057PCB</CLSNAME>
     <CMPNAME>GV_SRC_GUID</CMPNAME>
     <LANGU>1</LANGU>
     <DESCRIPT>CRM 订单对象的 GUID</DESCRIPT>
    </SEOCOMPOTX>
    <SEOCOMPOTX>
     <CLSNAME>ZCL_FPM057PCB</CLSNAME>
     <CMPNAME>GV_SRC_OBJECT</CMPNAME>
     <LANGU>1</LANGU>
     <DESCRIPT>业务事务凭证标识</DESCRIPT>
    </SEOCOMPOTX>
    <SEOCOMPOTX>
     <CLSNAME>ZCL_FPM057PCB</CLSNAME>
     <CMPNAME>GV_UPLOAD</CMPNAME>
     <LANGU>1</LANGU>
     <DESCRIPT>复选框</DESCRIPT>
    </SEOCOMPOTX>
    <SEOCOMPOTX>
     <CLSNAME>ZCL_FPM057PCB</CLSNAME>
     <CMPNAME>MO_SHARED_DATA</CMPNAME>
     <LANGU>1</LANGU>
     <DESCRIPT>Y_CL_WD_SHARED_DATA</DESCRIPT>
    </SEOCOMPOTX>
   </DESCRIPTIONS>
  </asx:values>
 </asx:abap>
</abapGit>
