﻿<?xml version="1.0" encoding="utf-8"?>
<abapGit version="v1.0.0" serializer="LCL_OBJECT_CLAS" serializer_version="v1.0.0">
 <asx:abap xmlns:asx="http://www.sap.com/abapxml" version="1.0">
  <asx:values>
   <VSEOCLASS>
    <CLSNAME>ZCL_FPM066_PLD</CLSNAME>
    <VERSION>1</VERSION>
    <LANGU>1</LANGU>
    <DESCRIPT>PLD塑胶明细报价比价界面</DESCRIPT>
    <EXPOSURE>2</EXPOSURE>
    <STATE>1</STATE>
    <CLSCCINCL>X</CLSCCINCL>
    <FIXPT>X</FIXPT>
    <UNICODE>X</UNICODE>
   </VSEOCLASS>
   <TPOOL>
    <item>
     <ID>I</ID>
     <KEY>001</KEY>
     <ENTRY>导出</ENTRY>
     <LENGTH>10</LENGTH>
    </item>
    <item>
     <ID>I</ID>
     <KEY>002</KEY>
     <ENTRY>行小计</ENTRY>
     <LENGTH>13</LENGTH>
    </item>
    <item>
     <ID>I</ID>
     <KEY>003</KEY>
     <ENTRY>报价合计</ENTRY>
     <LENGTH>14</LENGTH>
    </item>
    <item>
     <ID>I</ID>
     <KEY>007</KEY>
     <ENTRY>行项目</ENTRY>
     <LENGTH>13</LENGTH>
    </item>
    <item>
     <ID>I</ID>
     <KEY>008</KEY>
     <ENTRY>物料号</ENTRY>
     <LENGTH>13</LENGTH>
    </item>
    <item>
     <ID>I</ID>
     <KEY>009</KEY>
     <ENTRY>物料描述</ENTRY>
     <LENGTH>14</LENGTH>
    </item>
    <item>
     <ID>I</ID>
     <KEY>010</KEY>
     <ENTRY>组件编号</ENTRY>
     <LENGTH>14</LENGTH>
    </item>
    <item>
     <ID>I</ID>
     <KEY>011</KEY>
     <ENTRY>组件描述</ENTRY>
     <LENGTH>14</LENGTH>
    </item>
    <item>
     <ID>I</ID>
     <KEY>012</KEY>
     <ENTRY>供应商编号</ENTRY>
     <LENGTH>15</LENGTH>
    </item>
    <item>
     <ID>I</ID>
     <KEY>013</KEY>
     <ENTRY>注塑费用</ENTRY>
     <LENGTH>14</LENGTH>
    </item>
    <item>
     <ID>I</ID>
     <KEY>014</KEY>
     <ENTRY>原料费用</ENTRY>
     <LENGTH>14</LENGTH>
    </item>
    <item>
     <ID>I</ID>
     <KEY>015</KEY>
     <ENTRY>喷涂费用</ENTRY>
     <LENGTH>14</LENGTH>
    </item>
    <item>
     <ID>I</ID>
     <KEY>016</KEY>
     <ENTRY>丝印费用</ENTRY>
     <LENGTH>14</LENGTH>
    </item>
    <item>
     <ID>I</ID>
     <KEY>017</KEY>
     <ENTRY>电镀费用</ENTRY>
     <LENGTH>14</LENGTH>
    </item>
    <item>
     <ID>I</ID>
     <KEY>018</KEY>
     <ENTRY>镭雕费用</ENTRY>
     <LENGTH>14</LENGTH>
    </item>
    <item>
     <ID>I</ID>
     <KEY>019</KEY>
     <ENTRY>外购件费用</ENTRY>
     <LENGTH>15</LENGTH>
    </item>
    <item>
     <ID>I</ID>
     <KEY>020</KEY>
     <ENTRY>组装费用</ENTRY>
     <LENGTH>14</LENGTH>
    </item>
    <item>
     <ID>I</ID>
     <KEY>021</KEY>
     <ENTRY>制造成本</ENTRY>
     <LENGTH>14</LENGTH>
    </item>
    <item>
     <ID>I</ID>
     <KEY>022</KEY>
     <ENTRY>包装费用</ENTRY>
     <LENGTH>14</LENGTH>
    </item>
    <item>
     <ID>I</ID>
     <KEY>023</KEY>
     <ENTRY>运输费用</ENTRY>
     <LENGTH>14</LENGTH>
    </item>
    <item>
     <ID>I</ID>
     <KEY>024</KEY>
     <ENTRY>管理费用</ENTRY>
     <LENGTH>14</LENGTH>
    </item>
    <item>
     <ID>I</ID>
     <KEY>025</KEY>
     <ENTRY>利润费用</ENTRY>
     <LENGTH>14</LENGTH>
    </item>
    <item>
     <ID>I</ID>
     <KEY>026</KEY>
     <ENTRY>其他费用</ENTRY>
     <LENGTH>14</LENGTH>
    </item>
    <item>
     <ID>I</ID>
     <KEY>027</KEY>
     <ENTRY>产品总额</ENTRY>
     <LENGTH>12</LENGTH>
    </item>
    <item>
     <ID>I</ID>
     <KEY>028</KEY>
     <ENTRY>回应编号</ENTRY>
     <LENGTH>14</LENGTH>
    </item>
    <item>
     <ID>I</ID>
     <KEY>029</KEY>
     <ENTRY>RFX编号</ENTRY>
     <LENGTH>15</LENGTH>
    </item>
    <item>
     <ID>I</ID>
     <KEY>030</KEY>
     <ENTRY>抬头</ENTRY>
     <LENGTH>12</LENGTH>
    </item>
   </TPOOL>
  </asx:values>
 </asx:abap>
</abapGit>
