﻿<?xml version="1.0" encoding="utf-8"?>
<abapGit version="v1.0.0" serializer="LCL_OBJECT_DTEL" serializer_version="v1.0.0">
 <asx:abap xmlns:asx="http://www.sap.com/abapxml" version="1.0">
  <asx:values>
   <DD04V>
    <ROLLNAME>ZCLHD</ROLLNAME>
    <DDLANGUAGE>1</DDLANGUAGE>
    <DOMNAME>DEC6_2</DOMNAME>
    <HEADLEN>20</HEADLEN>
    <SCRLEN1>10</SCRLEN1>
    <SCRLEN2>15</SCRLEN2>
    <SCRLEN3>20</SCRLEN3>
    <DDTEXT>材料厚度（mm）</DDTEXT>
    <REPTEXT>材料厚度（mm）</REPTEXT>
    <SCRTEXT_S>材料厚度（mm）</SCRTEXT_S>
    <SCRTEXT_M>材料厚度（mm）</SCRTEXT_M>
    <SCRTEXT_L>材料厚度（mm）</SCRTEXT_L>
    <DTELMASTER>1</DTELMASTER>
    <REFKIND>D</REFKIND>
   </DD04V>
   <I18N_LANGS>
    <LANGU>E</LANGU>
   </I18N_LANGS>
   <DD04_TEXTS>
    <item>
     <DDLANGUAGE>E</DDLANGUAGE>
     <DDTEXT>Pro.height(mm)</DDTEXT>
     <REPTEXT>Pro.height(mm)</REPTEXT>
     <SCRTEXT_S>Pro.height</SCRTEXT_S>
     <SCRTEXT_M>Pro.height(mm)</SCRTEXT_M>
     <SCRTEXT_L>Pro.height(mm)</SCRTEXT_L>
    </item>
   </DD04_TEXTS>
  </asx:values>
 </asx:abap>
</abapGit>
