﻿<?xml version="1.0" encoding="utf-8"?>
<abapGit version="v1.0.0" serializer="LCL_OBJECT_DTEL" serializer_version="v1.0.0">
 <asx:abap xmlns:asx="http://www.sap.com/abapxml" version="1.0">
  <asx:values>
   <DD04V>
    <ROLLNAME>ZCMAUTHLEVEL</ROLLNAME>
    <DDLANGUAGE>1</DDLANGUAGE>
    <DOMNAME>ZCMAUTHLEVEL</DOMNAME>
    <HEADLEN>40</HEADLEN>
    <SCRLEN1>10</SCRLEN1>
    <SCRLEN2>20</SCRLEN2>
    <SCRLEN3>40</SCRLEN3>
    <DDTEXT>海关企业认证等级</DDTEXT>
    <REPTEXT>海关企业认证等级</REPTEXT>
    <SCRTEXT_S>海关企业认证等级</SCRTEXT_S>
    <SCRTEXT_M>海关企业认证等级</SCRTEXT_M>
    <SCRTEXT_L>海关企业认证等级</SCRTEXT_L>
    <DTELMASTER>1</DTELMASTER>
    <REFKIND>D</REFKIND>
   </DD04V>
   <I18N_LANGS>
    <LANGU>E</LANGU>
   </I18N_LANGS>
   <DD04_TEXTS>
    <item>
     <DDLANGUAGE>E</DDLANGUAGE>
     <DDTEXT>Customs Certification Level</DDTEXT>
     <REPTEXT>Customs Certification Level</REPTEXT>
     <SCRTEXT_S>Type</SCRTEXT_S>
     <SCRTEXT_M>Customs Certificatio</SCRTEXT_M>
     <SCRTEXT_L>Customs Certification Level</SCRTEXT_L>
    </item>
   </DD04_TEXTS>
  </asx:values>
 </asx:abap>
</abapGit>
