﻿<?xml version="1.0" encoding="utf-8"?>
<abapGit version="v1.0.0" serializer="LCL_OBJECT_DTEL" serializer_version="v1.0.0">
 <asx:abap xmlns:asx="http://www.sap.com/abapxml" version="1.0">
  <asx:values>
   <DD04V>
    <ROLLNAME>ZCOMPANY</ROLLNAME>
    <DDLANGUAGE>1</DDLANGUAGE>
    <DOMNAME>CHAR4</DOMNAME>
    <HEADLEN>20</HEADLEN>
    <SCRLEN1>10</SCRLEN1>
    <SCRLEN2>15</SCRLEN2>
    <SCRLEN3>20</SCRLEN3>
    <DDTEXT>公司代码</DDTEXT>
    <REPTEXT>公司代码</REPTEXT>
    <SCRTEXT_S>公司代码</SCRTEXT_S>
    <SCRTEXT_M>公司代码</SCRTEXT_M>
    <SCRTEXT_L>公司代码</SCRTEXT_L>
    <DTELMASTER>1</DTELMASTER>
    <REFKIND>D</REFKIND>
   </DD04V>
   <I18N_LANGS>
    <LANGU>E</LANGU>
   </I18N_LANGS>
   <DD04_TEXTS>
    <item>
     <DDLANGUAGE>E</DDLANGUAGE>
     <DDTEXT>Company Code</DDTEXT>
     <REPTEXT>Company Code</REPTEXT>
     <SCRTEXT_S>Company</SCRTEXT_S>
     <SCRTEXT_M>Company Code</SCRTEXT_M>
     <SCRTEXT_L>Company Code</SCRTEXT_L>
    </item>
   </DD04_TEXTS>
  </asx:values>
 </asx:abap>
</abapGit>
