﻿<?xml version="1.0" encoding="utf-8"?>
<abapGit version="v1.0.0" serializer="LCL_OBJECT_DTEL" serializer_version="v1.0.0">
 <asx:abap xmlns:asx="http://www.sap.com/abapxml" version="1.0">
  <asx:values>
   <DD04V>
    <ROLLNAME>ZCONTRACTMONEY</ROLLNAME>
    <DDLANGUAGE>1</DDLANGUAGE>
    <DOMNAME>NUM12</DOMNAME>
    <HEADLEN>40</HEADLEN>
    <SCRLEN1>10</SCRLEN1>
    <SCRLEN2>20</SCRLEN2>
    <SCRLEN3>40</SCRLEN3>
    <DDTEXT>合同金额(万元)</DDTEXT>
    <REPTEXT>合同金额(万元)</REPTEXT>
    <SCRTEXT_S>合同金额(万元)</SCRTEXT_S>
    <SCRTEXT_M>合同金额(万元)</SCRTEXT_M>
    <SCRTEXT_L>合同金额(万元)</SCRTEXT_L>
    <DTELMASTER>1</DTELMASTER>
    <REFKIND>D</REFKIND>
   </DD04V>
   <I18N_LANGS>
    <LANGU>E</LANGU>
   </I18N_LANGS>
   <DD04_TEXTS>
    <item>
     <DDLANGUAGE>E</DDLANGUAGE>
     <DDTEXT>Contract Value（Unit:¥10,000 ）</DDTEXT>
     <REPTEXT>Contract Value（Unit:¥10,000 ）</REPTEXT>
     <SCRTEXT_S>Contract V</SCRTEXT_S>
     <SCRTEXT_M>Contract Value（Unit:</SCRTEXT_M>
     <SCRTEXT_L>Contract Value（Unit:¥10,000 ）</SCRTEXT_L>
    </item>
   </DD04_TEXTS>
  </asx:values>
 </asx:abap>
</abapGit>
