﻿<?xml version="1.0" encoding="utf-8"?>
<abapGit version="v1.0.0" serializer="LCL_OBJECT_DTEL" serializer_version="v1.0.0">
 <asx:abap xmlns:asx="http://www.sap.com/abapxml" version="1.0">
  <asx:values>
   <DD04V>
    <ROLLNAME>ZCONTACTS</ROLLNAME>
    <DDLANGUAGE>1</DDLANGUAGE>
    <DOMNAME>ZCONTACTS</DOMNAME>
    <HEADLEN>10</HEADLEN>
    <SCRLEN1>10</SCRLEN1>
    <SCRLEN2>10</SCRLEN2>
    <SCRLEN3>10</SCRLEN3>
    <DDTEXT>联系方式</DDTEXT>
    <REPTEXT>联系方式</REPTEXT>
    <SCRTEXT_S>联系方式</SCRTEXT_S>
    <SCRTEXT_M>联系方式</SCRTEXT_M>
    <SCRTEXT_L>联系方式</SCRTEXT_L>
    <DTELMASTER>1</DTELMASTER>
    <REFKIND>D</REFKIND>
   </DD04V>
   <I18N_LANGS>
    <LANGU>E</LANGU>
   </I18N_LANGS>
   <DD04_TEXTS>
    <item>
     <DDLANGUAGE>E</DDLANGUAGE>
     <DDTEXT>OA contact</DDTEXT>
     <REPTEXT>OA contact</REPTEXT>
     <SCRTEXT_S>OA contact</SCRTEXT_S>
     <SCRTEXT_M>OA contact</SCRTEXT_M>
     <SCRTEXT_L>OA contact</SCRTEXT_L>
    </item>
   </DD04_TEXTS>
  </asx:values>
 </asx:abap>
</abapGit>
