﻿<?xml version="1.0" encoding="utf-8"?>
<abapGit version="v1.0.0" serializer="LCL_OBJECT_DTEL" serializer_version="v1.0.0">
 <asx:abap xmlns:asx="http://www.sap.com/abapxml" version="1.0">
  <asx:values>
   <DD04V>
    <ROLLNAME>ZCPZKKD</ROLLNAME>
    <DDLANGUAGE>1</DDLANGUAGE>
    <DOMNAME>DEC6_2</DOMNAME>
    <HEADLEN>20</HEADLEN>
    <SCRLEN1>10</SCRLEN1>
    <SCRLEN2>15</SCRLEN2>
    <SCRLEN3>20</SCRLEN3>
    <DDTEXT>产品展开宽度（mm）</DDTEXT>
    <REPTEXT>产品展开宽度（mm）</REPTEXT>
    <SCRTEXT_S>产品展开宽度（mm）</SCRTEXT_S>
    <SCRTEXT_M>产品展开宽度（mm）</SCRTEXT_M>
    <SCRTEXT_L>产品展开宽度（mm）</SCRTEXT_L>
    <DTELMASTER>1</DTELMASTER>
    <REFKIND>D</REFKIND>
   </DD04V>
   <I18N_LANGS>
    <LANGU>E</LANGU>
   </I18N_LANGS>
   <DD04_TEXTS>
    <item>
     <DDLANGUAGE>E</DDLANGUAGE>
     <DDTEXT>Pro.width(mm)</DDTEXT>
     <REPTEXT>Pro.width(mm)</REPTEXT>
     <SCRTEXT_S>Pro.width(</SCRTEXT_S>
     <SCRTEXT_M>Pro.width(mm)</SCRTEXT_M>
     <SCRTEXT_L>Pro.width(mm)</SCRTEXT_L>
    </item>
   </DD04_TEXTS>
  </asx:values>
 </asx:abap>
</abapGit>
