﻿<?xml version="1.0" encoding="utf-8"?>
<abapGit version="v1.0.0" serializer="LCL_OBJECT_DTEL" serializer_version="v1.0.0">
 <asx:abap xmlns:asx="http://www.sap.com/abapxml" version="1.0">
  <asx:values>
   <DD04V>
    <ROLLNAME>ZCUSTQAYEARS</ROLLNAME>
    <DDLANGUAGE>1</DDLANGUAGE>
    <DOMNAME>ZDEC8</DOMNAME>
    <HEADLEN>40</HEADLEN>
    <SCRLEN1>10</SCRLEN1>
    <SCRLEN2>20</SCRLEN2>
    <SCRLEN3>40</SCRLEN3>
    <DDTEXT>汽车类客户质量服务经验（年）</DDTEXT>
    <REPTEXT>汽车类客户质量服务经验（年）</REPTEXT>
    <SCRTEXT_S>汽车类客户质量服务经</SCRTEXT_S>
    <SCRTEXT_M>汽车类客户质量服务经验（年）</SCRTEXT_M>
    <SCRTEXT_L>汽车类客户质量服务经验（年）</SCRTEXT_L>
    <DTELMASTER>1</DTELMASTER>
    <REFKIND>D</REFKIND>
   </DD04V>
   <I18N_LANGS>
    <LANGU>E</LANGU>
   </I18N_LANGS>
   <DD04_TEXTS>
    <item>
     <DDLANGUAGE>E</DDLANGUAGE>
     <DDTEXT>Auto-client Quality Service Experience</DDTEXT>
     <REPTEXT>Auto-client Quality Service Experience</REPTEXT>
     <SCRTEXT_S>Auto-clien</SCRTEXT_S>
     <SCRTEXT_M>Auto-client Quality</SCRTEXT_M>
     <SCRTEXT_L>Auto-client Quality Service Experience</SCRTEXT_L>
    </item>
   </DD04_TEXTS>
  </asx:values>
 </asx:abap>
</abapGit>
