﻿<?xml version="1.0" encoding="utf-8"?>
<abapGit version="v1.0.0" serializer="LCL_OBJECT_DTEL" serializer_version="v1.0.0">
 <asx:abap xmlns:asx="http://www.sap.com/abapxml" version="1.0">
  <asx:values>
   <DD04V>
    <ROLLNAME>ZCUSTINF</ROLLNAME>
    <DDLANGUAGE>1</DDLANGUAGE>
    <DOMNAME>CHAR200</DOMNAME>
    <HEADLEN>20</HEADLEN>
    <SCRLEN1>06</SCRLEN1>
    <SCRLEN2>10</SCRLEN2>
    <SCRLEN3>15</SCRLEN3>
    <DDTEXT>主要客户信息</DDTEXT>
    <REPTEXT>主要客户信息</REPTEXT>
    <SCRTEXT_S>主要客户信息</SCRTEXT_S>
    <SCRTEXT_M>主要客户信息</SCRTEXT_M>
    <SCRTEXT_L>主要客户信息</SCRTEXT_L>
    <DTELMASTER>1</DTELMASTER>
    <REFKIND>D</REFKIND>
   </DD04V>
  </asx:values>
 </asx:abap>
</abapGit>
