﻿<?xml version="1.0" encoding="utf-8"?>
<abapGit version="v1.0.0" serializer="LCL_OBJECT_DTEL" serializer_version="v1.0.0">
 <asx:abap xmlns:asx="http://www.sap.com/abapxml" version="1.0">
  <asx:values>
   <DD04V>
    <ROLLNAME>ZDATABS</ROLLNAME>
    <DDLANGUAGE>1</DDLANGUAGE>
    <DOMNAME>DATS</DOMNAME>
    <HEADLEN>10</HEADLEN>
    <SCRLEN1>10</SCRLEN1>
    <SCRLEN2>10</SCRLEN2>
    <SCRLEN3>10</SCRLEN3>
    <DDTEXT>有效期间开始时间</DDTEXT>
    <REPTEXT>有效期间开始时间</REPTEXT>
    <SCRTEXT_S>有效期间开始时间</SCRTEXT_S>
    <SCRTEXT_M>有效期间开始时间</SCRTEXT_M>
    <SCRTEXT_L>有效期间开始时间</SCRTEXT_L>
    <DTELMASTER>1</DTELMASTER>
    <REFKIND>D</REFKIND>
   </DD04V>
   <I18N_LANGS>
    <LANGU>E</LANGU>
   </I18N_LANGS>
   <DD04_TEXTS>
    <item>
     <DDLANGUAGE>E</DDLANGUAGE>
     <DDTEXT>Valid From</DDTEXT>
     <REPTEXT>Valid From</REPTEXT>
     <SCRTEXT_S>Valid From</SCRTEXT_S>
     <SCRTEXT_M>Valid From</SCRTEXT_M>
     <SCRTEXT_L>Valid From</SCRTEXT_L>
    </item>
   </DD04_TEXTS>
  </asx:values>
 </asx:abap>
</abapGit>
