﻿<?xml version="1.0" encoding="utf-8"?>
<abapGit version="v1.0.0" serializer="LCL_OBJECT_DTEL" serializer_version="v1.0.0">
 <asx:abap xmlns:asx="http://www.sap.com/abapxml" version="1.0">
  <asx:values>
   <DD04V>
    <ROLLNAME>ZDESCRIPTION</ROLLNAME>
    <DDLANGUAGE>1</DDLANGUAGE>
    <DOMNAME>TEXT40</DOMNAME>
    <HEADLEN>20</HEADLEN>
    <SCRLEN1>10</SCRLEN1>
    <SCRLEN2>15</SCRLEN2>
    <SCRLEN3>20</SCRLEN3>
    <DDTEXT>采购件描述</DDTEXT>
    <REPTEXT>采购件描述</REPTEXT>
    <SCRTEXT_S>采购件描述</SCRTEXT_S>
    <SCRTEXT_M>采购件描述</SCRTEXT_M>
    <SCRTEXT_L>采购件描述</SCRTEXT_L>
    <DTELMASTER>1</DTELMASTER>
    <REFKIND>D</REFKIND>
   </DD04V>
   <I18N_LANGS>
    <LANGU>E</LANGU>
   </I18N_LANGS>
   <DD04_TEXTS>
    <item>
     <DDLANGUAGE>E</DDLANGUAGE>
     <DDTEXT>Descripiton</DDTEXT>
     <REPTEXT>Descripiton</REPTEXT>
     <SCRTEXT_S>Descripito</SCRTEXT_S>
     <SCRTEXT_M>Descripiton</SCRTEXT_M>
     <SCRTEXT_L>Descripiton</SCRTEXT_L>
    </item>
   </DD04_TEXTS>
  </asx:values>
 </asx:abap>
</abapGit>
