﻿<?xml version="1.0" encoding="utf-8"?>
<abapGit version="v1.0.0" serializer="LCL_OBJECT_DTEL" serializer_version="v1.0.0">
 <asx:abap xmlns:asx="http://www.sap.com/abapxml" version="1.0">
  <asx:values>
   <DD04V>
    <ROLLNAME>ZDETAILTYPE</ROLLNAME>
    <DDLANGUAGE>1</DDLANGUAGE>
    <DOMNAME>ZDETAILTYPE</DOMNAME>
    <HEADLEN>40</HEADLEN>
    <SCRLEN1>10</SCRLEN1>
    <SCRLEN2>20</SCRLEN2>
    <SCRLEN3>40</SCRLEN3>
    <DDTEXT>供应商类别</DDTEXT>
    <REPTEXT>供应商类别</REPTEXT>
    <SCRTEXT_S>供应商类别</SCRTEXT_S>
    <SCRTEXT_M>供应商类别</SCRTEXT_M>
    <SCRTEXT_L>供应商类别</SCRTEXT_L>
    <DTELMASTER>1</DTELMASTER>
    <REFKIND>D</REFKIND>
   </DD04V>
   <I18N_LANGS>
    <LANGU>E</LANGU>
   </I18N_LANGS>
   <DD04_TEXTS>
    <item>
     <DDLANGUAGE>E</DDLANGUAGE>
     <DDTEXT>Vendor Category</DDTEXT>
     <REPTEXT>Vendor Category</REPTEXT>
     <SCRTEXT_S>Vendor Cat</SCRTEXT_S>
     <SCRTEXT_M>Vendor Category</SCRTEXT_M>
     <SCRTEXT_L>Vendor Category</SCRTEXT_L>
    </item>
   </DD04_TEXTS>
  </asx:values>
 </asx:abap>
</abapGit>
