﻿<?xml version="1.0" encoding="utf-8"?>
<abapGit version="v1.0.0" serializer="LCL_OBJECT_DTEL" serializer_version="v1.0.0">
 <asx:abap xmlns:asx="http://www.sap.com/abapxml" version="1.0">
  <asx:values>
   <DD04V>
    <ROLLNAME>ZDIANDUPRICE</ROLLNAME>
    <DDLANGUAGE>1</DDLANGUAGE>
    <DOMNAME>ZDEC166</DOMNAME>
    <HEADLEN>20</HEADLEN>
    <SCRLEN1>10</SCRLEN1>
    <SCRLEN2>15</SCRLEN2>
    <SCRLEN3>20</SCRLEN3>
    <DDTEXT>电镀费用（RMB/pc）</DDTEXT>
    <REPTEXT>电镀费用（RMB/pc）</REPTEXT>
    <SCRTEXT_S>电镀费用（RMB/p</SCRTEXT_S>
    <SCRTEXT_M>电镀费用（RMB/pc）</SCRTEXT_M>
    <SCRTEXT_L>电镀费用（RMB/pc）</SCRTEXT_L>
    <DTELMASTER>1</DTELMASTER>
    <REFKIND>D</REFKIND>
   </DD04V>
   <I18N_LANGS>
    <LANGU>E</LANGU>
   </I18N_LANGS>
   <DD04_TEXTS>
    <item>
     <DDLANGUAGE>E</DDLANGUAGE>
     <DDTEXT>Elect.fee</DDTEXT>
     <REPTEXT>Elect.fee</REPTEXT>
     <SCRTEXT_S>Elect.fee</SCRTEXT_S>
     <SCRTEXT_M>Elect.fee</SCRTEXT_M>
     <SCRTEXT_L>Elect.fee</SCRTEXT_L>
    </item>
   </DD04_TEXTS>
  </asx:values>
 </asx:abap>
</abapGit>
