﻿<?xml version="1.0" encoding="utf-8"?>
<abapGit version="v1.0.0" serializer="LCL_OBJECT_DTEL" serializer_version="v1.0.0">
 <asx:abap xmlns:asx="http://www.sap.com/abapxml" version="1.0">
  <asx:values>
   <DD04V>
    <ROLLNAME>ZDIRECTNUM</ROLLNAME>
    <DDLANGUAGE>1</DDLANGUAGE>
    <DOMNAME>ZDEC8</DOMNAME>
    <HEADLEN>40</HEADLEN>
    <SCRLEN1>10</SCRLEN1>
    <SCRLEN2>20</SCRLEN2>
    <SCRLEN3>40</SCRLEN3>
    <DDTEXT>直接人员数量</DDTEXT>
    <REPTEXT>直接雇佣人员数量</REPTEXT>
    <SCRTEXT_S>直接雇佣人员数量</SCRTEXT_S>
    <SCRTEXT_M>直接雇佣人员数量</SCRTEXT_M>
    <SCRTEXT_L>直接雇佣人员数量</SCRTEXT_L>
    <DTELMASTER>1</DTELMASTER>
    <REFKIND>D</REFKIND>
   </DD04V>
   <I18N_LANGS>
    <LANGU>E</LANGU>
   </I18N_LANGS>
   <DD04_TEXTS>
    <item>
     <DDLANGUAGE>E</DDLANGUAGE>
     <DDTEXT>Direct Employee No.</DDTEXT>
     <REPTEXT>Direct Employee No.</REPTEXT>
     <SCRTEXT_S>Direct Emp</SCRTEXT_S>
     <SCRTEXT_M>Direct Employee No.</SCRTEXT_M>
     <SCRTEXT_L>Direct Employee No.</SCRTEXT_L>
    </item>
   </DD04_TEXTS>
  </asx:values>
 </asx:abap>
</abapGit>
