﻿<?xml version="1.0" encoding="utf-8"?>
<abapGit version="v1.0.0" serializer="LCL_OBJECT_DTEL" serializer_version="v1.0.0">
 <asx:abap xmlns:asx="http://www.sap.com/abapxml" version="1.0">
  <asx:values>
   <DD04V>
    <ROLLNAME>ZDISCOUTS</ROLLNAME>
    <DDLANGUAGE>1</DDLANGUAGE>
    <DOMNAME>ZDISCOUTS</DOMNAME>
    <HEADLEN>10</HEADLEN>
    <SCRLEN1>10</SCRLEN1>
    <SCRLEN2>10</SCRLEN2>
    <SCRLEN3>10</SCRLEN3>
    <DDTEXT>优惠折扣</DDTEXT>
    <REPTEXT>优惠折扣</REPTEXT>
    <SCRTEXT_S>优惠折扣</SCRTEXT_S>
    <SCRTEXT_M>优惠折扣</SCRTEXT_M>
    <SCRTEXT_L>优惠折扣</SCRTEXT_L>
    <DTELMASTER>1</DTELMASTER>
    <REFKIND>D</REFKIND>
   </DD04V>
   <I18N_LANGS>
    <LANGU>E</LANGU>
   </I18N_LANGS>
   <DD04_TEXTS>
    <item>
     <DDLANGUAGE>E</DDLANGUAGE>
     <DDTEXT>discount</DDTEXT>
     <REPTEXT>discount</REPTEXT>
     <SCRTEXT_S>discount</SCRTEXT_S>
     <SCRTEXT_M>discount</SCRTEXT_M>
     <SCRTEXT_L>discount</SCRTEXT_L>
    </item>
   </DD04_TEXTS>
  </asx:values>
 </asx:abap>
</abapGit>
