﻿<?xml version="1.0" encoding="utf-8"?>
<abapGit version="v1.0.0" serializer="LCL_OBJECT_DTEL" serializer_version="v1.0.0">
 <asx:abap xmlns:asx="http://www.sap.com/abapxml" version="1.0">
  <asx:values>
   <DD04V>
    <ROLLNAME>ZDSFZLS</ROLLNAME>
    <DDLANGUAGE>1</DDLANGUAGE>
    <DOMNAME>ZDSFZLS</DOMNAME>
    <HEADLEN>20</HEADLEN>
    <SCRLEN1>10</SCRLEN1>
    <SCRLEN2>15</SCRLEN2>
    <SCRLEN3>20</SCRLEN3>
    <DDTEXT>物料是否涉及第三方专利</DDTEXT>
    <REPTEXT>物料是否涉及第三方专利</REPTEXT>
    <SCRTEXT_S>物料是否涉及第三方专</SCRTEXT_S>
    <SCRTEXT_M>物料是否涉及第三方专利</SCRTEXT_M>
    <SCRTEXT_L>物料是否涉及第三方专利</SCRTEXT_L>
    <DTELMASTER>1</DTELMASTER>
    <REFKIND>D</REFKIND>
   </DD04V>
   <I18N_LANGS>
    <LANGU>E</LANGU>
   </I18N_LANGS>
   <DD04_TEXTS>
    <item>
     <DDLANGUAGE>E</DDLANGUAGE>
     <DDTEXT>third party patents</DDTEXT>
     <REPTEXT>third party patents</REPTEXT>
     <SCRTEXT_S>third part</SCRTEXT_S>
     <SCRTEXT_M>third party pat</SCRTEXT_M>
     <SCRTEXT_L>third party patents</SCRTEXT_L>
    </item>
   </DD04_TEXTS>
  </asx:values>
 </asx:abap>
</abapGit>
