﻿<?xml version="1.0" encoding="utf-8"?>
<abapGit version="v1.0.0" serializer="LCL_OBJECT_DTEL" serializer_version="v1.0.0">
 <asx:abap xmlns:asx="http://www.sap.com/abapxml" version="1.0">
  <asx:values>
   <DD04V>
    <ROLLNAME>ZEANLN1</ROLLNAME>
    <DDLANGUAGE>1</DDLANGUAGE>
    <DOMNAME>CHAR12</DOMNAME>
    <HEADLEN>40</HEADLEN>
    <SCRLEN1>10</SCRLEN1>
    <SCRLEN2>15</SCRLEN2>
    <SCRLEN3>20</SCRLEN3>
    <DDTEXT>固定资产编号</DDTEXT>
    <REPTEXT>固定资产编号</REPTEXT>
    <SCRTEXT_S>固定资产编号</SCRTEXT_S>
    <SCRTEXT_M>固定资产编号</SCRTEXT_M>
    <SCRTEXT_L>固定资产编号</SCRTEXT_L>
    <DTELMASTER>1</DTELMASTER>
    <REFKIND>D</REFKIND>
   </DD04V>
   <I18N_LANGS>
    <LANGU>E</LANGU>
   </I18N_LANGS>
   <DD04_TEXTS>
    <item>
     <DDLANGUAGE>E</DDLANGUAGE>
     <DDTEXT>Fixed Asset Number</DDTEXT>
     <REPTEXT>Fixed Asset Number</REPTEXT>
     <SCRTEXT_S>Fixed Asse</SCRTEXT_S>
     <SCRTEXT_M>Fixed Asset Num</SCRTEXT_M>
     <SCRTEXT_L>Fixed Asset Number</SCRTEXT_L>
    </item>
   </DD04_TEXTS>
  </asx:values>
 </asx:abap>
</abapGit>
