﻿<?xml version="1.0" encoding="utf-8"?>
<abapGit version="v1.0.0" serializer="LCL_OBJECT_DTEL" serializer_version="v1.0.0">
 <asx:abap xmlns:asx="http://www.sap.com/abapxml" version="1.0">
  <asx:values>
   <DD04V>
    <ROLLNAME>ZEPCONTROL</ROLLNAME>
    <DDLANGUAGE>1</DDLANGUAGE>
    <DOMNAME>CHAR1</DOMNAME>
    <HEADLEN>40</HEADLEN>
    <SCRLEN1>10</SCRLEN1>
    <SCRLEN2>15</SCRLEN2>
    <SCRLEN3>20</SCRLEN3>
    <DDTEXT>定价控制</DDTEXT>
    <REPTEXT>定价控制</REPTEXT>
    <SCRTEXT_S>定价控制</SCRTEXT_S>
    <SCRTEXT_M>定价控制</SCRTEXT_M>
    <SCRTEXT_L>定价控制</SCRTEXT_L>
    <DTELMASTER>1</DTELMASTER>
    <REFKIND>D</REFKIND>
   </DD04V>
   <I18N_LANGS>
    <LANGU>E</LANGU>
   </I18N_LANGS>
   <DD04_TEXTS>
    <item>
     <DDLANGUAGE>E</DDLANGUAGE>
     <DDTEXT>The material number used by the supplier</DDTEXT>
     <REPTEXT>The material number used by the supplier</REPTEXT>
     <SCRTEXT_S>The materi</SCRTEXT_S>
     <SCRTEXT_M>The material nu</SCRTEXT_M>
     <SCRTEXT_L>The material number</SCRTEXT_L>
    </item>
   </DD04_TEXTS>
  </asx:values>
 </asx:abap>
</abapGit>
