﻿<?xml version="1.0" encoding="utf-8"?>
<abapGit version="v1.0.0" serializer="LCL_OBJECT_DTEL" serializer_version="v1.0.0">
 <asx:abap xmlns:asx="http://www.sap.com/abapxml" version="1.0">
  <asx:values>
   <DD04V>
    <ROLLNAME>ZFAENUM</ROLLNAME>
    <DDLANGUAGE>1</DDLANGUAGE>
    <DOMNAME>ZDEC8</DOMNAME>
    <HEADLEN>40</HEADLEN>
    <SCRLEN1>10</SCRLEN1>
    <SCRLEN2>20</SCRLEN2>
    <SCRLEN3>40</SCRLEN3>
    <DDTEXT>FAE数量</DDTEXT>
    <REPTEXT>FAE数量</REPTEXT>
    <SCRTEXT_S>FAE数量</SCRTEXT_S>
    <SCRTEXT_M>FAE数量</SCRTEXT_M>
    <SCRTEXT_L>FAE数量</SCRTEXT_L>
    <DTELMASTER>1</DTELMASTER>
    <REFKIND>D</REFKIND>
   </DD04V>
   <I18N_LANGS>
    <LANGU>E</LANGU>
   </I18N_LANGS>
   <DD04_TEXTS>
    <item>
     <DDLANGUAGE>E</DDLANGUAGE>
     <DDTEXT>FAE No.</DDTEXT>
     <REPTEXT>FAE No.</REPTEXT>
     <SCRTEXT_S>FAE No.</SCRTEXT_S>
     <SCRTEXT_M>FAE No.</SCRTEXT_M>
     <SCRTEXT_L>FAE No.</SCRTEXT_L>
    </item>
   </DD04_TEXTS>
  </asx:values>
 </asx:abap>
</abapGit>
