﻿<?xml version="1.0" encoding="utf-8"?>
<abapGit version="v1.0.0" serializer="LCL_OBJECT_DOMA" serializer_version="v1.0.0">
 <asx:abap xmlns:asx="http://www.sap.com/abapxml" version="1.0">
  <asx:values>
   <DD01V>
    <DOMNAME>ZFILETYPE</DOMNAME>
    <DDLANGUAGE>1</DDLANGUAGE>
    <DATATYPE>CHAR</DATATYPE>
    <LENG>000002</LENG>
    <OUTPUTLEN>000002</OUTPUTLEN>
    <VALEXI>X</VALEXI>
    <DDTEXT>附件类型</DDTEXT>
   </DD01V>
   <DD07V_TAB>
    <DD07V>
     <DOMNAME>ZFILETYPE</DOMNAME>
     <VALPOS>0001</VALPOS>
     <DDLANGUAGE>1</DDLANGUAGE>
     <DOMVALUE_L>CA</DOMVALUE_L>
     <DDTEXT>保密协议</DDTEXT>
    </DD07V>
    <DD07V>
     <DOMNAME>ZFILETYPE</DOMNAME>
     <VALPOS>0002</VALPOS>
     <DDLANGUAGE>1</DDLANGUAGE>
     <DOMVALUE_L>OS</DOMVALUE_L>
     <DDTEXT>组织架构图</DDTEXT>
    </DD07V>
    <DD07V>
     <DOMNAME>ZFILETYPE</DOMNAME>
     <VALPOS>0003</VALPOS>
     <DDLANGUAGE>1</DDLANGUAGE>
     <DOMVALUE_L>LT</DOMVALUE_L>
     <DDTEXT>设备清单</DDTEXT>
    </DD07V>
    <DD07V>
     <DOMNAME>ZFILETYPE</DOMNAME>
     <VALPOS>0004</VALPOS>
     <DDLANGUAGE>1</DDLANGUAGE>
     <DOMVALUE_L>BL</DOMVALUE_L>
     <DDTEXT>营业执照</DDTEXT>
    </DD07V>
    <DD07V>
     <DOMNAME>ZFILETYPE</DOMNAME>
     <VALPOS>0005</VALPOS>
     <DDLANGUAGE>1</DDLANGUAGE>
     <DOMVALUE_L>TC</DOMVALUE_L>
     <DDTEXT>税务登记证</DDTEXT>
    </DD07V>
    <DD07V>
     <DOMNAME>ZFILETYPE</DOMNAME>
     <VALPOS>0006</VALPOS>
     <DDLANGUAGE>1</DDLANGUAGE>
     <DOMVALUE_L>BA</DOMVALUE_L>
     <DDTEXT>银行开户许可证</DDTEXT>
    </DD07V>
    <DD07V>
     <DOMNAME>ZFILETYPE</DOMNAME>
     <VALPOS>0007</VALPOS>
     <DDLANGUAGE>1</DDLANGUAGE>
     <DOMVALUE_L>SP</DOMVALUE_L>
     <DDTEXT>SP上传其它附件（无需OA审批）</DDTEXT>
    </DD07V>
    <DD07V>
     <DOMNAME>ZFILETYPE</DOMNAME>
     <VALPOS>0008</VALPOS>
     <DDLANGUAGE>1</DDLANGUAGE>
     <DOMVALUE_L>CT</DOMVALUE_L>
     <DDTEXT>合同</DDTEXT>
    </DD07V>
    <DD07V>
     <DOMNAME>ZFILETYPE</DOMNAME>
     <VALPOS>0009</VALPOS>
     <DDLANGUAGE>1</DDLANGUAGE>
     <DOMVALUE_L>OA</DOMVALUE_L>
     <DDTEXT>OA引入审批附件</DDTEXT>
    </DD07V>
    <DD07V>
     <DOMNAME>ZFILETYPE</DOMNAME>
     <VALPOS>0010</VALPOS>
     <DDLANGUAGE>1</DDLANGUAGE>
     <DOMVALUE_L>QT</DOMVALUE_L>
     <DDTEXT>其他附件</DDTEXT>
    </DD07V>
   </DD07V_TAB>
  </asx:values>
 </asx:abap>
</abapGit>
