﻿<?xml version="1.0" encoding="utf-8"?>
<abapGit version="v1.0.0" serializer="LCL_OBJECT_DTEL" serializer_version="v1.0.0">
 <asx:abap xmlns:asx="http://www.sap.com/abapxml" version="1.0">
  <asx:values>
   <DD04V>
    <ROLLNAME>ZFINISHDATE</ROLLNAME>
    <DDLANGUAGE>1</DDLANGUAGE>
    <DOMNAME>DATS</DOMNAME>
    <HEADLEN>40</HEADLEN>
    <SCRLEN1>10</SCRLEN1>
    <SCRLEN2>20</SCRLEN2>
    <SCRLEN3>40</SCRLEN3>
    <DDTEXT>验收日期</DDTEXT>
    <REPTEXT>验收日期</REPTEXT>
    <SCRTEXT_S>验收日期</SCRTEXT_S>
    <SCRTEXT_M>验收日期</SCRTEXT_M>
    <SCRTEXT_L>验收日期</SCRTEXT_L>
    <DTELMASTER>1</DTELMASTER>
    <REFKIND>D</REFKIND>
   </DD04V>
   <I18N_LANGS>
    <LANGU>E</LANGU>
   </I18N_LANGS>
   <DD04_TEXTS>
    <item>
     <DDLANGUAGE>E</DDLANGUAGE>
     <DDTEXT>Reception Time</DDTEXT>
     <REPTEXT>Reception Time</REPTEXT>
     <SCRTEXT_S>Reception</SCRTEXT_S>
     <SCRTEXT_M>Reception Time</SCRTEXT_M>
     <SCRTEXT_L>Reception Time</SCRTEXT_L>
    </item>
   </DD04_TEXTS>
  </asx:values>
 </asx:abap>
</abapGit>
