﻿<?xml version="1.0" encoding="utf-8"?>
<abapGit version="v1.0.0" serializer="LCL_OBJECT_DTEL" serializer_version="v1.0.0">
 <asx:abap xmlns:asx="http://www.sap.com/abapxml" version="1.0">
  <asx:values>
   <DD04V>
    <ROLLNAME>ZFINISHSIGN</ROLLNAME>
    <DDLANGUAGE>1</DDLANGUAGE>
    <DOMNAME>ZFINISHSIGN</DOMNAME>
    <HEADLEN>40</HEADLEN>
    <SCRLEN1>10</SCRLEN1>
    <SCRLEN2>20</SCRLEN2>
    <SCRLEN3>40</SCRLEN3>
    <DDTEXT>是否完结</DDTEXT>
    <REPTEXT>是否完结</REPTEXT>
    <SCRTEXT_S>是否完结</SCRTEXT_S>
    <SCRTEXT_M>是否完结</SCRTEXT_M>
    <SCRTEXT_L>是否完结</SCRTEXT_L>
    <DTELMASTER>1</DTELMASTER>
    <REFKIND>D</REFKIND>
   </DD04V>
   <I18N_LANGS>
    <LANGU>E</LANGU>
   </I18N_LANGS>
   <DD04_TEXTS>
    <item>
     <DDLANGUAGE>E</DDLANGUAGE>
     <DDTEXT>Finish Or Not</DDTEXT>
     <REPTEXT>Finish Or Not</REPTEXT>
     <SCRTEXT_S>Finish Or</SCRTEXT_S>
     <SCRTEXT_M>Finish Or Not</SCRTEXT_M>
     <SCRTEXT_L>Finish Or Not</SCRTEXT_L>
    </item>
   </DD04_TEXTS>
  </asx:values>
 </asx:abap>
</abapGit>
