﻿<?xml version="1.0" encoding="utf-8"?>
<abapGit version="v1.0.0" serializer="LCL_OBJECT_DTEL" serializer_version="v1.0.0">
 <asx:abap xmlns:asx="http://www.sap.com/abapxml" version="1.0">
  <asx:values>
   <DD04V>
    <ROLLNAME>ZFLBZCP</ROLLNAME>
    <DDLANGUAGE>1</DDLANGUAGE>
    <DOMNAME>SMO_NUM12</DOMNAME>
    <HEADLEN>20</HEADLEN>
    <SCRLEN1>10</SCRLEN1>
    <SCRLEN2>15</SCRLEN2>
    <SCRLEN3>20</SCRLEN3>
    <DDTEXT>废料比重g/产品</DDTEXT>
    <REPTEXT>废料比重g/产品</REPTEXT>
    <SCRTEXT_S>废料比重g/产品</SCRTEXT_S>
    <SCRTEXT_M>废料比重g/产品</SCRTEXT_M>
    <SCRTEXT_L>废料比重g/产品</SCRTEXT_L>
    <DTELMASTER>1</DTELMASTER>
    <REFKIND>D</REFKIND>
   </DD04V>
   <I18N_LANGS>
    <LANGU>E</LANGU>
   </I18N_LANGS>
   <DD04_TEXTS>
    <item>
     <DDLANGUAGE>E</DDLANGUAGE>
     <DDTEXT>W.per/g/per</DDTEXT>
     <REPTEXT>W.per/g/per</REPTEXT>
     <SCRTEXT_S>W.per/g/pe</SCRTEXT_S>
     <SCRTEXT_M>W.per/g/per</SCRTEXT_M>
     <SCRTEXT_L>W.per/g/per</SCRTEXT_L>
    </item>
   </DD04_TEXTS>
  </asx:values>
 </asx:abap>
</abapGit>
