﻿<?xml version="1.0" encoding="utf-8"?>
<abapGit version="v1.0.0" serializer="LCL_OBJECT_DTEL" serializer_version="v1.0.0">
 <asx:abap xmlns:asx="http://www.sap.com/abapxml" version="1.0">
  <asx:values>
   <DD04V>
    <ROLLNAME>ZFLHSJG</ROLLNAME>
    <DDLANGUAGE>1</DDLANGUAGE>
    <DOMNAME>ZDEC166</DOMNAME>
    <HEADLEN>20</HEADLEN>
    <SCRLEN1>10</SCRLEN1>
    <SCRLEN2>15</SCRLEN2>
    <SCRLEN3>20</SCRLEN3>
    <DDTEXT>废料回收价格（CNY/公斤）</DDTEXT>
    <REPTEXT>废料回收价格（CNY/公斤）</REPTEXT>
    <SCRTEXT_S>废料回收价格（CNY</SCRTEXT_S>
    <SCRTEXT_M>废料回收价格（CNY/公斤）</SCRTEXT_M>
    <SCRTEXT_L>废料回收价格（CNY/公斤）</SCRTEXT_L>
    <DTELMASTER>1</DTELMASTER>
    <REFKIND>D</REFKIND>
   </DD04V>
   <I18N_LANGS>
    <LANGU>E</LANGU>
   </I18N_LANGS>
   <DD04_TEXTS>
    <item>
     <DDLANGUAGE>E</DDLANGUAGE>
     <DDTEXT>Rec.pri(CNY/KG)</DDTEXT>
     <REPTEXT>Rec.pri(CNY/KG)</REPTEXT>
     <SCRTEXT_S>Rec.pri(CN</SCRTEXT_S>
     <SCRTEXT_M>Rec.pri(CNY/KG)</SCRTEXT_M>
     <SCRTEXT_L>Rec.pri(CNY/KG)</SCRTEXT_L>
    </item>
   </DD04_TEXTS>
  </asx:values>
 </asx:abap>
</abapGit>
