﻿<?xml version="1.0" encoding="utf-8"?>
<abapGit version="v1.0.0" serializer="LCL_OBJECT_DTEL" serializer_version="v1.0.0">
 <asx:abap xmlns:asx="http://www.sap.com/abapxml" version="1.0">
  <asx:values>
   <DD04V>
    <ROLLNAME>ZFORMULA</ROLLNAME>
    <DDLANGUAGE>1</DDLANGUAGE>
    <DOMNAME>ZFORMULA</DOMNAME>
    <HEADLEN>20</HEADLEN>
    <SCRLEN1>10</SCRLEN1>
    <SCRLEN2>15</SCRLEN2>
    <SCRLEN3>20</SCRLEN3>
    <DDTEXT>小计公式</DDTEXT>
    <REPTEXT>小计公式</REPTEXT>
    <SCRTEXT_S>小计公式</SCRTEXT_S>
    <SCRTEXT_M>小计公式</SCRTEXT_M>
    <SCRTEXT_L>小计公式</SCRTEXT_L>
    <DTELMASTER>1</DTELMASTER>
    <REFKIND>D</REFKIND>
   </DD04V>
   <I18N_LANGS>
    <LANGU>E</LANGU>
   </I18N_LANGS>
   <DD04_TEXTS>
    <item>
     <DDLANGUAGE>E</DDLANGUAGE>
     <DDTEXT>Sum Formula</DDTEXT>
     <REPTEXT>Sum Formula</REPTEXT>
     <SCRTEXT_S>Sum Formul</SCRTEXT_S>
     <SCRTEXT_M>Sum Formula</SCRTEXT_M>
     <SCRTEXT_L>Sum Formula</SCRTEXT_L>
    </item>
   </DD04_TEXTS>
  </asx:values>
 </asx:abap>
</abapGit>
