﻿<?xml version="1.0" encoding="utf-8"?>
<abapGit version="v1.0.0" serializer="LCL_OBJECT_DTEL" serializer_version="v1.0.0">
 <asx:abap xmlns:asx="http://www.sap.com/abapxml" version="1.0">
  <asx:values>
   <DD04V>
    <ROLLNAME>ZFQPAYMENTS</ROLLNAME>
    <DDLANGUAGE>1</DDLANGUAGE>
    <HEADLEN>40</HEADLEN>
    <SCRLEN1>10</SCRLEN1>
    <SCRLEN2>15</SCRLEN2>
    <SCRLEN3>20</SCRLEN3>
    <DDTEXT>分期</DDTEXT>
    <REPTEXT>分期</REPTEXT>
    <SCRTEXT_S>分期</SCRTEXT_S>
    <SCRTEXT_M>分期</SCRTEXT_M>
    <SCRTEXT_L>分期</SCRTEXT_L>
    <DTELMASTER>1</DTELMASTER>
    <DATATYPE>DEC</DATATYPE>
    <LENG>000006</LENG>
    <DECIMALS>000002</DECIMALS>
    <OUTPUTLEN>000008</OUTPUTLEN>
   </DD04V>
  </asx:values>
 </asx:abap>
</abapGit>
