﻿<?xml version="1.0" encoding="utf-8"?>
<abapGit version="v1.0.0" serializer="LCL_OBJECT_DTEL" serializer_version="v1.0.0">
 <asx:abap xmlns:asx="http://www.sap.com/abapxml" version="1.0">
  <asx:values>
   <DD04V>
    <ROLLNAME>ZGROSSMARGIN</ROLLNAME>
    <DDLANGUAGE>1</DDLANGUAGE>
    <DOMNAME>ZGROSSMARGIN</DOMNAME>
    <HEADLEN>40</HEADLEN>
    <SCRLEN1>10</SCRLEN1>
    <SCRLEN2>20</SCRLEN2>
    <SCRLEN3>40</SCRLEN3>
    <DDTEXT>毛利润率（%）</DDTEXT>
    <REPTEXT>毛利润率（%）</REPTEXT>
    <SCRTEXT_S>毛利润率（%）</SCRTEXT_S>
    <SCRTEXT_M>毛利润率（%）</SCRTEXT_M>
    <SCRTEXT_L>毛利润率（%）</SCRTEXT_L>
    <DTELMASTER>1</DTELMASTER>
    <REFKIND>D</REFKIND>
   </DD04V>
   <I18N_LANGS>
    <LANGU>E</LANGU>
   </I18N_LANGS>
   <DD04_TEXTS>
    <item>
     <DDLANGUAGE>E</DDLANGUAGE>
     <DDTEXT>Gross Profit Margin(%)</DDTEXT>
     <REPTEXT>Gross Profit Margin(%)</REPTEXT>
     <SCRTEXT_S>Gross Prof</SCRTEXT_S>
     <SCRTEXT_M>Gross Profit Margin(</SCRTEXT_M>
     <SCRTEXT_L>Gross Profit Margin(%)</SCRTEXT_L>
    </item>
   </DD04_TEXTS>
  </asx:values>
 </asx:abap>
</abapGit>
