﻿<?xml version="1.0" encoding="utf-8"?>
<abapGit version="v1.0.0" serializer="LCL_OBJECT_DTEL" serializer_version="v1.0.0">
 <asx:abap xmlns:asx="http://www.sap.com/abapxml" version="1.0">
  <asx:values>
   <DD04V>
    <ROLLNAME>ZGSRATE</ROLLNAME>
    <DDLANGUAGE>1</DDLANGUAGE>
    <DOMNAME>ZDEC166</DOMNAME>
    <HEADLEN>20</HEADLEN>
    <SCRLEN1>10</SCRLEN1>
    <SCRLEN2>15</SCRLEN2>
    <SCRLEN3>20</SCRLEN3>
    <DDTEXT>工时费率（RMB/Hr）</DDTEXT>
    <REPTEXT>工时费率（RMB/Hr）</REPTEXT>
    <SCRTEXT_S>工时费率（RMB/H</SCRTEXT_S>
    <SCRTEXT_M>工时费率（RMB/Hr）</SCRTEXT_M>
    <SCRTEXT_L>工时费率（RMB/Hr）</SCRTEXT_L>
    <DTELMASTER>1</DTELMASTER>
    <REFKIND>D</REFKIND>
   </DD04V>
   <I18N_LANGS>
    <LANGU>E</LANGU>
   </I18N_LANGS>
   <DD04_TEXTS>
    <item>
     <DDLANGUAGE>E</DDLANGUAGE>
     <DDTEXT>Labor time rate</DDTEXT>
     <REPTEXT>Labor time rate</REPTEXT>
     <SCRTEXT_S>Labor time</SCRTEXT_S>
     <SCRTEXT_M>Labor time rate</SCRTEXT_M>
     <SCRTEXT_L>Labor time rate</SCRTEXT_L>
    </item>
   </DD04_TEXTS>
  </asx:values>
 </asx:abap>
</abapGit>
