﻿<?xml version="1.0" encoding="utf-8"?>
<abapGit version="v1.0.0" serializer="LCL_OBJECT_DTEL" serializer_version="v1.0.0">
 <asx:abap xmlns:asx="http://www.sap.com/abapxml" version="1.0">
  <asx:values>
   <DD04V>
    <ROLLNAME>ZGZWLS</ROLLNAME>
    <DDLANGUAGE>1</DDLANGUAGE>
    <DOMNAME>XFELD</DOMNAME>
    <HEADLEN>20</HEADLEN>
    <SCRLEN1>10</SCRLEN1>
    <SCRLEN2>15</SCRLEN2>
    <SCRLEN3>20</SCRLEN3>
    <DDTEXT>是否管制物料</DDTEXT>
    <REPTEXT>是否管制物料</REPTEXT>
    <SCRTEXT_S>是否管制物料</SCRTEXT_S>
    <SCRTEXT_M>是否管制物料</SCRTEXT_M>
    <SCRTEXT_L>是否管制物料</SCRTEXT_L>
    <DTELMASTER>1</DTELMASTER>
    <REFKIND>D</REFKIND>
   </DD04V>
   <I18N_LANGS>
    <LANGU>E</LANGU>
   </I18N_LANGS>
   <DD04_TEXTS>
    <item>
     <DDLANGUAGE>E</DDLANGUAGE>
     <DDTEXT>control material</DDTEXT>
     <REPTEXT>control material</REPTEXT>
     <SCRTEXT_S>control ma</SCRTEXT_S>
     <SCRTEXT_M>control materia</SCRTEXT_M>
     <SCRTEXT_L>control material</SCRTEXT_L>
    </item>
   </DD04_TEXTS>
  </asx:values>
 </asx:abap>
</abapGit>
