﻿<?xml version="1.0" encoding="utf-8"?>
<abapGit version="v1.0.0" serializer="LCL_OBJECT_DTEL" serializer_version="v1.0.0">
 <asx:abap xmlns:asx="http://www.sap.com/abapxml" version="1.0">
  <asx:values>
   <DD04V>
    <ROLLNAME>ZHPRICES</ROLLNAME>
    <DDLANGUAGE>1</DDLANGUAGE>
    <DOMNAME>WERT7</DOMNAME>
    <HEADLEN>10</HEADLEN>
    <SCRLEN1>10</SCRLEN1>
    <SCRLEN2>10</SCRLEN2>
    <SCRLEN3>10</SCRLEN3>
    <DDTEXT>历史价格</DDTEXT>
    <REPTEXT>历史价格</REPTEXT>
    <SCRTEXT_S>历史价格</SCRTEXT_S>
    <SCRTEXT_M>历史价格</SCRTEXT_M>
    <SCRTEXT_L>历史价格</SCRTEXT_L>
    <DTELMASTER>1</DTELMASTER>
    <REFKIND>D</REFKIND>
   </DD04V>
  </asx:values>
 </asx:abap>
</abapGit>
