﻿<?xml version="1.0" encoding="utf-8"?>
<abapGit version="v1.0.0" serializer="LCL_OBJECT_DTEL" serializer_version="v1.0.0">
 <asx:abap xmlns:asx="http://www.sap.com/abapxml" version="1.0">
  <asx:values>
   <DD04V>
    <ROLLNAME>ZIFAFFILIATED</ROLLNAME>
    <DDLANGUAGE>1</DDLANGUAGE>
    <DOMNAME>ZIFAFFILIATED</DOMNAME>
    <HEADLEN>40</HEADLEN>
    <SCRLEN1>10</SCRLEN1>
    <SCRLEN2>20</SCRLEN2>
    <SCRLEN3>40</SCRLEN3>
    <DDTEXT>是否有关联企业</DDTEXT>
    <REPTEXT>是否有关联企业</REPTEXT>
    <SCRTEXT_S>是否有关联企业</SCRTEXT_S>
    <SCRTEXT_M>是否有关联企业</SCRTEXT_M>
    <SCRTEXT_L>是否有关联企业</SCRTEXT_L>
    <DTELMASTER>1</DTELMASTER>
    <REFKIND>D</REFKIND>
   </DD04V>
   <I18N_LANGS>
    <LANGU>E</LANGU>
   </I18N_LANGS>
   <DD04_TEXTS>
    <item>
     <DDLANGUAGE>E</DDLANGUAGE>
     <DDTEXT>Is There an Affiliate</DDTEXT>
     <REPTEXT>Is There an Affiliate</REPTEXT>
     <SCRTEXT_S>Affiliate</SCRTEXT_S>
     <SCRTEXT_M>Is There an Affiliat</SCRTEXT_M>
     <SCRTEXT_L>Is There an Affiliate</SCRTEXT_L>
    </item>
   </DD04_TEXTS>
  </asx:values>
 </asx:abap>
</abapGit>
