﻿<?xml version="1.0" encoding="utf-8"?>
<abapGit version="v1.0.0" serializer="LCL_OBJECT_DTEL" serializer_version="v1.0.0">
 <asx:abap xmlns:asx="http://www.sap.com/abapxml" version="1.0">
  <asx:values>
   <DD04V>
    <ROLLNAME>ZJGFY</ROLLNAME>
    <DDLANGUAGE>1</DDLANGUAGE>
    <DOMNAME>ZDEC166</DOMNAME>
    <HEADLEN>31</HEADLEN>
    <SCRLEN1>10</SCRLEN1>
    <SCRLEN2>15</SCRLEN2>
    <SCRLEN3>31</SCRLEN3>
    <DDTEXT>每个物料的二次加工费用（丝印，喷涂，攻牙等）(CNY/PCS)</DDTEXT>
    <REPTEXT>每个物料的二次加工费用（丝印，喷涂，攻牙等）(CNY/PCS)</REPTEXT>
    <SCRTEXT_S>每个物料的二次加工费</SCRTEXT_S>
    <SCRTEXT_M>每个物料的二次加工费用</SCRTEXT_M>
    <SCRTEXT_L>每个物料的二次加工费用（丝印，喷涂，攻牙等）(CNY/PCS)</SCRTEXT_L>
    <DTELMASTER>1</DTELMASTER>
    <REFKIND>D</REFKIND>
   </DD04V>
   <I18N_LANGS>
    <LANGU>E</LANGU>
   </I18N_LANGS>
   <DD04_TEXTS>
    <item>
     <DDLANGUAGE>E</DDLANGUAGE>
     <DDTEXT>Sec.fee(CNY/PCS)</DDTEXT>
     <REPTEXT>Sec.fee(CNY/PCS)</REPTEXT>
     <SCRTEXT_S>Sec.fee(CN</SCRTEXT_S>
     <SCRTEXT_M>Sec.fee(CNY/PCS</SCRTEXT_M>
     <SCRTEXT_L>Sec.fee(CNY/PCS)</SCRTEXT_L>
    </item>
   </DD04_TEXTS>
  </asx:values>
 </asx:abap>
</abapGit>
