﻿<?xml version="1.0" encoding="utf-8"?>
<abapGit version="v1.0.0" serializer="LCL_OBJECT_DTEL" serializer_version="v1.0.0">
 <asx:abap xmlns:asx="http://www.sap.com/abapxml" version="1.0">
  <asx:values>
   <DD04V>
    <ROLLNAME>ZJQDW</ROLLNAME>
    <DDLANGUAGE>1</DDLANGUAGE>
    <DOMNAME>SMO_NUM12</DOMNAME>
    <HEADLEN>20</HEADLEN>
    <SCRLEN1>10</SCRLEN1>
    <SCRLEN2>15</SCRLEN2>
    <SCRLEN3>20</SCRLEN3>
    <DDTEXT>机器吨位</DDTEXT>
    <REPTEXT>机器吨位</REPTEXT>
    <SCRTEXT_S>机器吨位</SCRTEXT_S>
    <SCRTEXT_M>机器吨位</SCRTEXT_M>
    <SCRTEXT_L>机器吨位</SCRTEXT_L>
    <DTELMASTER>1</DTELMASTER>
    <REFKIND>D</REFKIND>
   </DD04V>
   <I18N_LANGS>
    <LANGU>E</LANGU>
   </I18N_LANGS>
   <DD04_TEXTS>
    <item>
     <DDLANGUAGE>E</DDLANGUAGE>
     <DDTEXT>Mac.ton</DDTEXT>
     <REPTEXT>Mac.ton</REPTEXT>
     <SCRTEXT_S>Mac.ton</SCRTEXT_S>
     <SCRTEXT_M>Mac.ton</SCRTEXT_M>
     <SCRTEXT_L>Mac.ton</SCRTEXT_L>
    </item>
   </DD04_TEXTS>
  </asx:values>
 </asx:abap>
</abapGit>
