﻿<?xml version="1.0" encoding="utf-8"?>
<abapGit version="v1.0.0" serializer="LCL_OBJECT_DTEL" serializer_version="v1.0.0">
 <asx:abap xmlns:asx="http://www.sap.com/abapxml" version="1.0">
  <asx:values>
   <DD04V>
    <ROLLNAME>ZJTRGFY</ROLLNAME>
    <DDLANGUAGE>1</DDLANGUAGE>
    <DOMNAME>ZDEC166</DOMNAME>
    <HEADLEN>20</HEADLEN>
    <SCRLEN1>10</SCRLEN1>
    <SCRLEN2>15</SCRLEN2>
    <SCRLEN3>20</SCRLEN3>
    <DDTEXT>底漆机台人工费用（RMB/pc）</DDTEXT>
    <REPTEXT>底漆机台人工费用（RMB/pc）</REPTEXT>
    <SCRTEXT_S>底漆机台人工费用（R</SCRTEXT_S>
    <SCRTEXT_M>底漆机台人工费用（RMB/pc</SCRTEXT_M>
    <SCRTEXT_L>底漆机台人工费用（RMB/pc）</SCRTEXT_L>
    <DTELMASTER>1</DTELMASTER>
    <REFKIND>D</REFKIND>
   </DD04V>
   <I18N_LANGS>
    <LANGU>E</LANGU>
   </I18N_LANGS>
   <DD04_TEXTS>
    <item>
     <DDLANGUAGE>E</DDLANGUAGE>
     <DDTEXT>Man.fee for prim.</DDTEXT>
     <REPTEXT>Man.fee for prim.</REPTEXT>
     <SCRTEXT_S>Man.fee fo</SCRTEXT_S>
     <SCRTEXT_M>Man.fee for pri</SCRTEXT_M>
     <SCRTEXT_L>Man.fee for prim.</SCRTEXT_L>
    </item>
   </DD04_TEXTS>
  </asx:values>
 </asx:abap>
</abapGit>
