﻿<?xml version="1.0" encoding="utf-8"?>
<abapGit version="v1.0.0" serializer="LCL_OBJECT_DTEL" serializer_version="v1.0.0">
 <asx:abap xmlns:asx="http://www.sap.com/abapxml" version="1.0">
  <asx:values>
   <DD04V>
    <ROLLNAME>ZKOSTLS</ROLLNAME>
    <DDLANGUAGE>1</DDLANGUAGE>
    <DOMNAME>ZKOSTLS</DOMNAME>
    <HEADLEN>20</HEADLEN>
    <SCRLEN1>10</SCRLEN1>
    <SCRLEN2>15</SCRLEN2>
    <SCRLEN3>20</SCRLEN3>
    <DDTEXT>成本中心</DDTEXT>
    <REPTEXT>成本中心</REPTEXT>
    <SCRTEXT_S>成本中心</SCRTEXT_S>
    <SCRTEXT_M>成本中心</SCRTEXT_M>
    <SCRTEXT_L>成本中心</SCRTEXT_L>
    <DTELMASTER>1</DTELMASTER>
    <REFKIND>D</REFKIND>
   </DD04V>
   <I18N_LANGS>
    <LANGU>E</LANGU>
   </I18N_LANGS>
   <DD04_TEXTS>
    <item>
     <DDLANGUAGE>E</DDLANGUAGE>
     <DDTEXT>cost center</DDTEXT>
     <REPTEXT>cost center</REPTEXT>
     <SCRTEXT_S>center</SCRTEXT_S>
     <SCRTEXT_M>cost center</SCRTEXT_M>
     <SCRTEXT_L>cost center</SCRTEXT_L>
    </item>
   </DD04_TEXTS>
  </asx:values>
 </asx:abap>
</abapGit>
