﻿<?xml version="1.0" encoding="utf-8"?>
<abapGit version="v1.0.0" serializer="LCL_OBJECT_DTEL" serializer_version="v1.0.0">
 <asx:abap xmlns:asx="http://www.sap.com/abapxml" version="1.0">
  <asx:values>
   <DD04V>
    <ROLLNAME>ZKSTBM</ROLLNAME>
    <DDLANGUAGE>1</DDLANGUAGE>
    <DOMNAME>MENG15</DOMNAME>
    <HEADLEN>40</HEADLEN>
    <SCRLEN1>10</SCRLEN1>
    <SCRLEN2>15</SCRLEN2>
    <SCRLEN3>20</SCRLEN3>
    <DDTEXT>条件等级数量</DDTEXT>
    <REPTEXT>条件等级数量</REPTEXT>
    <SCRTEXT_S>条件等级数量</SCRTEXT_S>
    <SCRTEXT_M>条件等级数量</SCRTEXT_M>
    <SCRTEXT_L>条件等级数量</SCRTEXT_L>
    <DTELMASTER>1</DTELMASTER>
    <REFKIND>D</REFKIND>
   </DD04V>
  </asx:values>
 </asx:abap>
</abapGit>
