﻿<?xml version="1.0" encoding="utf-8"?>
<abapGit version="v1.0.0" serializer="LCL_OBJECT_DTEL" serializer_version="v1.0.0">
 <asx:abap xmlns:asx="http://www.sap.com/abapxml" version="1.0">
  <asx:values>
   <DD04V>
    <ROLLNAME>ZKTOKK</ROLLNAME>
    <DDLANGUAGE>1</DDLANGUAGE>
    <DOMNAME>ZKTOKK</DOMNAME>
    <HEADLEN>40</HEADLEN>
    <SCRLEN1>10</SCRLEN1>
    <SCRLEN2>20</SCRLEN2>
    <SCRLEN3>40</SCRLEN3>
    <DDTEXT>账户组</DDTEXT>
    <REPTEXT>账户组</REPTEXT>
    <SCRTEXT_S>账户组</SCRTEXT_S>
    <SCRTEXT_M>账户组</SCRTEXT_M>
    <SCRTEXT_L>账户组</SCRTEXT_L>
    <DTELMASTER>1</DTELMASTER>
    <REFKIND>D</REFKIND>
   </DD04V>
   <I18N_LANGS>
    <LANGU>E</LANGU>
   </I18N_LANGS>
   <DD04_TEXTS>
    <item>
     <DDLANGUAGE>E</DDLANGUAGE>
     <DDTEXT>Account group</DDTEXT>
     <REPTEXT>Account group</REPTEXT>
     <SCRTEXT_S>Account gr</SCRTEXT_S>
     <SCRTEXT_M>Account group</SCRTEXT_M>
     <SCRTEXT_L>Account group</SCRTEXT_L>
    </item>
   </DD04_TEXTS>
  </asx:values>
 </asx:abap>
</abapGit>
