﻿<?xml version="1.0" encoding="utf-8"?>
<abapGit version="v1.0.0" serializer="LCL_OBJECT_DOMA" serializer_version="v1.0.0">
 <asx:abap xmlns:asx="http://www.sap.com/abapxml" version="1.0">
  <asx:values>
   <DD01V>
    <DOMNAME>ZKTOKK</DOMNAME>
    <DDLANGUAGE>1</DDLANGUAGE>
    <DATATYPE>CHAR</DATATYPE>
    <LENG>000004</LENG>
    <OUTPUTLEN>000004</OUTPUTLEN>
    <VALEXI>X</VALEXI>
    <DDTEXT>账户组</DDTEXT>
   </DD01V>
   <DD07V_TAB>
    <DD07V>
     <DOMNAME>ZKTOKK</DOMNAME>
     <VALPOS>0001</VALPOS>
     <DDLANGUAGE>1</DDLANGUAGE>
     <DOMVALUE_L>V3RL</DOMVALUE_L>
     <DDTEXT>H1 HZ - Trade 3rd Parties-Local 生产性供应商-国内</DDTEXT>
    </DD07V>
    <DD07V>
     <DOMNAME>ZKTOKK</DOMNAME>
     <VALPOS>0002</VALPOS>
     <DDLANGUAGE>1</DDLANGUAGE>
     <DOMVALUE_L>V3RO</DOMVALUE_L>
     <DDTEXT>H3 HZ - Trade 3rd Parties-OverSea 生产性供应商-国外</DDTEXT>
    </DD07V>
    <DD07V>
     <DOMNAME>ZKTOKK</DOMNAME>
     <VALPOS>0003</VALPOS>
     <DDLANGUAGE>1</DDLANGUAGE>
     <DOMVALUE_L>V3RN</DOMVALUE_L>
     <DDTEXT>H5 HZ - Non Pro. Material -Vendor 非生产重复采购供应商</DDTEXT>
    </DD07V>
    <DD07V>
     <DOMNAME>ZKTOKK</DOMNAME>
     <VALPOS>0004</VALPOS>
     <DDLANGUAGE>1</DDLANGUAGE>
     <DOMVALUE_L>VCSM</DOMVALUE_L>
     <DDTEXT>One-Time Ven 非生产性一次性供应商</DDTEXT>
    </DD07V>
   </DD07V_TAB>
  </asx:values>
 </asx:abap>
</abapGit>
