﻿<?xml version="1.0" encoding="utf-8"?>
<abapGit version="v1.0.0" serializer="LCL_OBJECT_DTEL" serializer_version="v1.0.0">
 <asx:abap xmlns:asx="http://www.sap.com/abapxml" version="1.0">
  <asx:values>
   <DD04V>
    <ROLLNAME>ZLCSJ</ROLLNAME>
    <DDLANGUAGE>1</DDLANGUAGE>
    <DOMNAME>CHAR20</DOMNAME>
    <HEADLEN>20</HEADLEN>
    <SCRLEN1>05</SCRLEN1>
    <SCRLEN2>10</SCRLEN2>
    <SCRLEN3>15</SCRLEN3>
    <DDTEXT>量产时间</DDTEXT>
    <REPTEXT>量产时间</REPTEXT>
    <SCRTEXT_S>量产时间</SCRTEXT_S>
    <SCRTEXT_M>量产时间</SCRTEXT_M>
    <SCRTEXT_L>量产时间</SCRTEXT_L>
    <DTELMASTER>1</DTELMASTER>
    <REFKIND>D</REFKIND>
   </DD04V>
   <I18N_LANGS>
    <LANGU>E</LANGU>
   </I18N_LANGS>
   <DD04_TEXTS>
    <item>
     <DDLANGUAGE>E</DDLANGUAGE>
     <DDTEXT>SOP</DDTEXT>
     <REPTEXT>SOP</REPTEXT>
     <SCRTEXT_S>SOP</SCRTEXT_S>
     <SCRTEXT_M>SOP</SCRTEXT_M>
     <SCRTEXT_L>SOP</SCRTEXT_L>
    </item>
   </DD04_TEXTS>
  </asx:values>
 </asx:abap>
</abapGit>
