﻿<?xml version="1.0" encoding="utf-8"?>
<abapGit version="v1.0.0" serializer="LCL_OBJECT_DTEL" serializer_version="v1.0.0">
 <asx:abap xmlns:asx="http://www.sap.com/abapxml" version="1.0">
  <asx:values>
   <DD04V>
    <ROLLNAME>ZLEGALPHONE</ROLLNAME>
    <DDLANGUAGE>1</DDLANGUAGE>
    <DOMNAME>CHAR30</DOMNAME>
    <HEADLEN>40</HEADLEN>
    <SCRLEN1>10</SCRLEN1>
    <SCRLEN2>20</SCRLEN2>
    <SCRLEN3>40</SCRLEN3>
    <DDTEXT>法人电话</DDTEXT>
    <REPTEXT>法人电话</REPTEXT>
    <SCRTEXT_S>法人电话</SCRTEXT_S>
    <SCRTEXT_M>法人电话</SCRTEXT_M>
    <SCRTEXT_L>法人电话</SCRTEXT_L>
    <DTELMASTER>1</DTELMASTER>
    <REFKIND>D</REFKIND>
   </DD04V>
   <I18N_LANGS>
    <LANGU>E</LANGU>
   </I18N_LANGS>
   <DD04_TEXTS>
    <item>
     <DDLANGUAGE>E</DDLANGUAGE>
     <DDTEXT>Legal Person Phone No.</DDTEXT>
     <REPTEXT>Legal Person Phone No.</REPTEXT>
     <SCRTEXT_S>Legal Pers</SCRTEXT_S>
     <SCRTEXT_M>Legal Person Phone N</SCRTEXT_M>
     <SCRTEXT_L>Legal Person Phone No.</SCRTEXT_L>
    </item>
   </DD04_TEXTS>
  </asx:values>
 </asx:abap>
</abapGit>
