﻿<?xml version="1.0" encoding="utf-8"?>
<abapGit version="v1.0.0" serializer="LCL_OBJECT_DTEL" serializer_version="v1.0.0">
 <asx:abap xmlns:asx="http://www.sap.com/abapxml" version="1.0">
  <asx:values>
   <DD04V>
    <ROLLNAME>ZLENGTH</ROLLNAME>
    <DDLANGUAGE>1</DDLANGUAGE>
    <DOMNAME>DEC6</DOMNAME>
    <HEADLEN>10</HEADLEN>
    <SCRLEN1>10</SCRLEN1>
    <SCRLEN2>10</SCRLEN2>
    <SCRLEN3>10</SCRLEN3>
    <DDTEXT>长（mm）</DDTEXT>
    <REPTEXT>长（mm）</REPTEXT>
    <SCRTEXT_S>长（mm）</SCRTEXT_S>
    <SCRTEXT_M>长（mm）</SCRTEXT_M>
    <SCRTEXT_L>长（mm）</SCRTEXT_L>
    <DTELMASTER>1</DTELMASTER>
    <REFKIND>D</REFKIND>
   </DD04V>
   <I18N_LANGS>
    <LANGU>E</LANGU>
   </I18N_LANGS>
   <DD04_TEXTS>
    <item>
     <DDLANGUAGE>E</DDLANGUAGE>
     <DDTEXT>Length(mm)</DDTEXT>
     <REPTEXT>Length(mm)</REPTEXT>
     <SCRTEXT_S>Length(mm)</SCRTEXT_S>
     <SCRTEXT_M>Length(mm)</SCRTEXT_M>
     <SCRTEXT_L>Length(mm)</SCRTEXT_L>
    </item>
   </DD04_TEXTS>
  </asx:values>
 </asx:abap>
</abapGit>
