﻿<?xml version="1.0" encoding="utf-8"?>
<abapGit version="v1.0.0" serializer="LCL_OBJECT_DTEL" serializer_version="v1.0.0">
 <asx:abap xmlns:asx="http://www.sap.com/abapxml" version="1.0">
  <asx:values>
   <DD04V>
    <ROLLNAME>ZLRZB</ROLLNAME>
    <DDLANGUAGE>1</DDLANGUAGE>
    <DOMNAME>DEC3_2</DOMNAME>
    <HEADLEN>20</HEADLEN>
    <SCRLEN1>10</SCRLEN1>
    <SCRLEN2>15</SCRLEN2>
    <SCRLEN3>20</SCRLEN3>
    <DDTEXT>利润占比（%）</DDTEXT>
    <REPTEXT>利润占比（%）</REPTEXT>
    <SCRTEXT_S>利润占比（%）</SCRTEXT_S>
    <SCRTEXT_M>利润占比（%）</SCRTEXT_M>
    <SCRTEXT_L>利润占比（%）</SCRTEXT_L>
    <DTELMASTER>1</DTELMASTER>
    <REFKIND>D</REFKIND>
   </DD04V>
   <I18N_LANGS>
    <LANGU>E</LANGU>
   </I18N_LANGS>
   <DD04_TEXTS>
    <item>
     <DDLANGUAGE>E</DDLANGUAGE>
     <DDTEXT>Per.of profit（%）</DDTEXT>
     <REPTEXT>Per.of profit（%）</REPTEXT>
     <SCRTEXT_S>Per.of pro</SCRTEXT_S>
     <SCRTEXT_M>Per.of profit（%</SCRTEXT_M>
     <SCRTEXT_L>Per.of profit（%）</SCRTEXT_L>
    </item>
   </DD04_TEXTS>
  </asx:values>
 </asx:abap>
</abapGit>
