﻿<?xml version="1.0" encoding="utf-8"?>
<abapGit version="v1.0.0" serializer="LCL_OBJECT_DTEL" serializer_version="v1.0.0">
 <asx:abap xmlns:asx="http://www.sap.com/abapxml" version="1.0">
  <asx:values>
   <DD04V>
    <ROLLNAME>ZMAINPRDTECH</ROLLNAME>
    <DDLANGUAGE>1</DDLANGUAGE>
    <DOMNAME>CHAR100</DOMNAME>
    <HEADLEN>40</HEADLEN>
    <SCRLEN1>10</SCRLEN1>
    <SCRLEN2>20</SCRLEN2>
    <SCRLEN3>40</SCRLEN3>
    <DDTEXT>主要生产技术</DDTEXT>
    <REPTEXT>主要生产技术</REPTEXT>
    <SCRTEXT_S>主要生产技术</SCRTEXT_S>
    <SCRTEXT_M>主要生产技术</SCRTEXT_M>
    <SCRTEXT_L>主要生产技术</SCRTEXT_L>
    <DTELMASTER>1</DTELMASTER>
    <REFKIND>D</REFKIND>
   </DD04V>
   <I18N_LANGS>
    <LANGU>E</LANGU>
   </I18N_LANGS>
   <DD04_TEXTS>
    <item>
     <DDLANGUAGE>E</DDLANGUAGE>
     <DDTEXT>Main Production Technology</DDTEXT>
     <REPTEXT>Main Production Technology</REPTEXT>
     <SCRTEXT_S>Main Produ</SCRTEXT_S>
     <SCRTEXT_M>Main Production Tech</SCRTEXT_M>
     <SCRTEXT_L>Main Production Technology</SCRTEXT_L>
    </item>
   </DD04_TEXTS>
  </asx:values>
 </asx:abap>
</abapGit>
