﻿<?xml version="1.0" encoding="utf-8"?>
<abapGit version="v1.0.0" serializer="LCL_OBJECT_DTEL" serializer_version="v1.0.0">
 <asx:abap xmlns:asx="http://www.sap.com/abapxml" version="1.0">
  <asx:values>
   <DD04V>
    <ROLLNAME>ZMARKETSHARE</ROLLNAME>
    <DDLANGUAGE>1</DDLANGUAGE>
    <DOMNAME>ZMARKETSHARE</DOMNAME>
    <HEADLEN>40</HEADLEN>
    <SCRLEN1>10</SCRLEN1>
    <SCRLEN2>20</SCRLEN2>
    <SCRLEN3>40</SCRLEN3>
    <DDTEXT>市场份额（%）</DDTEXT>
    <REPTEXT>市场份额（%）</REPTEXT>
    <SCRTEXT_S>市场份额（%）</SCRTEXT_S>
    <SCRTEXT_M>市场份额（%）</SCRTEXT_M>
    <SCRTEXT_L>市场份额（%）</SCRTEXT_L>
    <DTELMASTER>1</DTELMASTER>
    <REFKIND>D</REFKIND>
   </DD04V>
   <I18N_LANGS>
    <LANGU>E</LANGU>
   </I18N_LANGS>
   <DD04_TEXTS>
    <item>
     <DDLANGUAGE>E</DDLANGUAGE>
     <DDTEXT>Market Share(%)</DDTEXT>
     <REPTEXT>Market Share(%)</REPTEXT>
     <SCRTEXT_S>Market Sha</SCRTEXT_S>
     <SCRTEXT_M>Market Share(%)</SCRTEXT_M>
     <SCRTEXT_L>Market Share(%)</SCRTEXT_L>
    </item>
   </DD04_TEXTS>
  </asx:values>
 </asx:abap>
</abapGit>
