﻿<?xml version="1.0" encoding="utf-8"?>
<abapGit version="v1.0.0" serializer="LCL_OBJECT_DTEL" serializer_version="v1.0.0">
 <asx:abap xmlns:asx="http://www.sap.com/abapxml" version="1.0">
  <asx:values>
   <DD04V>
    <ROLLNAME>ZMECHANISM</ROLLNAME>
    <DDLANGUAGE>1</DDLANGUAGE>
    <DOMNAME>CHAR20</DOMNAME>
    <HEADLEN>40</HEADLEN>
    <SCRLEN1>10</SCRLEN1>
    <SCRLEN2>20</SCRLEN2>
    <SCRLEN3>40</SCRLEN3>
    <DDTEXT>认证机构</DDTEXT>
    <REPTEXT>认证机构</REPTEXT>
    <SCRTEXT_S>认证机构</SCRTEXT_S>
    <SCRTEXT_M>认证机构</SCRTEXT_M>
    <SCRTEXT_L>认证机构</SCRTEXT_L>
    <DTELMASTER>1</DTELMASTER>
    <REFKIND>D</REFKIND>
   </DD04V>
   <I18N_LANGS>
    <LANGU>E</LANGU>
   </I18N_LANGS>
   <DD04_TEXTS>
    <item>
     <DDLANGUAGE>E</DDLANGUAGE>
     <DDTEXT>Certification authority</DDTEXT>
     <REPTEXT>Certification authority</REPTEXT>
     <SCRTEXT_S>Certificat</SCRTEXT_S>
     <SCRTEXT_M>Certification author</SCRTEXT_M>
     <SCRTEXT_L>Certification authority</SCRTEXT_L>
    </item>
   </DD04_TEXTS>
  </asx:values>
 </asx:abap>
</abapGit>
