﻿<?xml version="1.0" encoding="utf-8"?>
<abapGit version="v1.0.0" serializer="LCL_OBJECT_DTEL" serializer_version="v1.0.0">
 <asx:abap xmlns:asx="http://www.sap.com/abapxml" version="1.0">
  <asx:values>
   <DD04V>
    <ROLLNAME>ZMFZCYS</ROLLNAME>
    <DDLANGUAGE>1</DDLANGUAGE>
    <DOMNAME>SMO_NUM12</DOMNAME>
    <HEADLEN>20</HEADLEN>
    <SCRLEN1>10</SCRLEN1>
    <SCRLEN2>15</SCRLEN2>
    <SCRLEN3>20</SCRLEN3>
    <DDTEXT>每分钟冲压数/pcs</DDTEXT>
    <REPTEXT>每分钟冲压数/pcs</REPTEXT>
    <SCRTEXT_S>每分钟冲压数/pcs</SCRTEXT_S>
    <SCRTEXT_M>每分钟冲压数/pcs</SCRTEXT_M>
    <SCRTEXT_L>每分钟冲压数/pcs</SCRTEXT_L>
    <DTELMASTER>1</DTELMASTER>
    <REFKIND>D</REFKIND>
   </DD04V>
   <I18N_LANGS>
    <LANGU>E</LANGU>
   </I18N_LANGS>
   <DD04_TEXTS>
    <item>
     <DDLANGUAGE>E</DDLANGUAGE>
     <DDTEXT>Pun.quan per m/PCS</DDTEXT>
     <REPTEXT>Pun.quan per m/PCS</REPTEXT>
     <SCRTEXT_S>Pun.quan p</SCRTEXT_S>
     <SCRTEXT_M>Pun.quan per m/</SCRTEXT_M>
     <SCRTEXT_L>Pun.quan per m/PCS</SCRTEXT_L>
    </item>
   </DD04_TEXTS>
  </asx:values>
 </asx:abap>
</abapGit>
