﻿<?xml version="1.0" encoding="utf-8"?>
<abapGit version="v1.0.0" serializer="LCL_OBJECT_DTEL" serializer_version="v1.0.0">
 <asx:abap xmlns:asx="http://www.sap.com/abapxml" version="1.0">
  <asx:values>
   <DD04V>
    <ROLLNAME>ZMGGS</ROLLNAME>
    <DDLANGUAGE>1</DDLANGUAGE>
    <DOMNAME>SMO_NUM12</DOMNAME>
    <HEADLEN>20</HEADLEN>
    <SCRLEN1>10</SCRLEN1>
    <SCRLEN2>15</SCRLEN2>
    <SCRLEN3>20</SCRLEN3>
    <DDTEXT>每挂个数</DDTEXT>
    <REPTEXT>每挂个数</REPTEXT>
    <SCRTEXT_S>每挂个数</SCRTEXT_S>
    <SCRTEXT_M>每挂个数</SCRTEXT_M>
    <SCRTEXT_L>每挂个数</SCRTEXT_L>
    <DTELMASTER>1</DTELMASTER>
    <REFKIND>D</REFKIND>
   </DD04V>
   <I18N_LANGS>
    <LANGU>E</LANGU>
   </I18N_LANGS>
   <DD04_TEXTS>
    <item>
     <DDLANGUAGE>E</DDLANGUAGE>
     <DDTEXT>Quantity/per</DDTEXT>
     <REPTEXT>Quantity/per</REPTEXT>
     <SCRTEXT_S>Quantity/p</SCRTEXT_S>
     <SCRTEXT_M>Quantity/per</SCRTEXT_M>
     <SCRTEXT_L>Quantity/per</SCRTEXT_L>
    </item>
   </DD04_TEXTS>
  </asx:values>
 </asx:abap>
</abapGit>
