﻿<?xml version="1.0" encoding="utf-8"?>
<abapGit version="v1.0.0" serializer="LCL_OBJECT_DTEL" serializer_version="v1.0.0">
 <asx:abap xmlns:asx="http://www.sap.com/abapxml" version="1.0">
  <asx:values>
   <DD04V>
    <ROLLNAME>ZMGJGDJ</ROLLNAME>
    <DDLANGUAGE>1</DDLANGUAGE>
    <DOMNAME>ZMGJGDJ</DOMNAME>
    <HEADLEN>40</HEADLEN>
    <SCRLEN1>10</SCRLEN1>
    <SCRLEN2>20</SCRLEN2>
    <SCRLEN3>40</SCRLEN3>
    <DDTEXT>磨工加工单价RMB/Hr</DDTEXT>
    <REPTEXT>磨工加工单价RMB/Hr</REPTEXT>
    <SCRTEXT_S>磨工加工单价RMB/</SCRTEXT_S>
    <SCRTEXT_M>磨工加工单价RMB/Hr</SCRTEXT_M>
    <SCRTEXT_L>磨工加工单价RMB/Hr</SCRTEXT_L>
    <DTELMASTER>1</DTELMASTER>
    <REFKIND>D</REFKIND>
   </DD04V>
  </asx:values>
 </asx:abap>
</abapGit>
