﻿<?xml version="1.0" encoding="utf-8"?>
<abapGit version="v1.0.0" serializer="LCL_OBJECT_DTEL" serializer_version="v1.0.0">
 <asx:abap xmlns:asx="http://www.sap.com/abapxml" version="1.0">
  <asx:values>
   <DD04V>
    <ROLLNAME>ZMGWLDJQZZFY</ROLLNAME>
    <DDLANGUAGE>1</DDLANGUAGE>
    <DOMNAME>ZDEC166</DOMNAME>
    <HEADLEN>20</HEADLEN>
    <SCRLEN1>10</SCRLEN1>
    <SCRLEN2>15</SCRLEN2>
    <SCRLEN3>20</SCRLEN3>
    <DDTEXT>每个物料的机器制造费用(CNY/PCS)</DDTEXT>
    <REPTEXT>每个物料的机器制造费用(CNY/PCS)</REPTEXT>
    <SCRTEXT_S>每个物料的机器制造费</SCRTEXT_S>
    <SCRTEXT_M>每个物料的机器制造费用(CNY</SCRTEXT_M>
    <SCRTEXT_L>每个物料的机器制造费用(CNY/PCS)</SCRTEXT_L>
    <DTELMASTER>1</DTELMASTER>
    <REFKIND>D</REFKIND>
   </DD04V>
   <I18N_LANGS>
    <LANGU>E</LANGU>
   </I18N_LANGS>
   <DD04_TEXTS>
    <item>
     <DDLANGUAGE>E</DDLANGUAGE>
     <DDTEXT>Mac.fee(CNY/PCS)</DDTEXT>
     <REPTEXT>Mac.fee(CNY/PCS)</REPTEXT>
     <SCRTEXT_S>Mac.fee(CN</SCRTEXT_S>
     <SCRTEXT_M>Mac.fee(CNY/PCS</SCRTEXT_M>
     <SCRTEXT_L>Mac.fee(CNY/PCS)</SCRTEXT_L>
    </item>
   </DD04_TEXTS>
  </asx:values>
 </asx:abap>
</abapGit>
