﻿<?xml version="1.0" encoding="utf-8"?>
<abapGit version="v1.0.0" serializer="LCL_OBJECT_DTEL" serializer_version="v1.0.0">
 <asx:abap xmlns:asx="http://www.sap.com/abapxml" version="1.0">
  <asx:values>
   <DD04V>
    <ROLLNAME>ZMGWLDRGFY</ROLLNAME>
    <DDLANGUAGE>1</DDLANGUAGE>
    <DOMNAME>ZDEC166</DOMNAME>
    <HEADLEN>20</HEADLEN>
    <SCRLEN1>10</SCRLEN1>
    <SCRLEN2>15</SCRLEN2>
    <SCRLEN3>20</SCRLEN3>
    <DDTEXT>每个物料的人工费用CNY/产品</DDTEXT>
    <REPTEXT>每个物料的人工费用CNY/产品</REPTEXT>
    <SCRTEXT_S>每个物料的人工费用C</SCRTEXT_S>
    <SCRTEXT_M>每个物料的人工费用CNY/产品</SCRTEXT_M>
    <SCRTEXT_L>每个物料的人工费用CNY/产品</SCRTEXT_L>
    <DTELMASTER>1</DTELMASTER>
    <REFKIND>D</REFKIND>
   </DD04V>
   <I18N_LANGS>
    <LANGU>E</LANGU>
   </I18N_LANGS>
   <DD04_TEXTS>
    <item>
     <DDLANGUAGE>E</DDLANGUAGE>
     <DDTEXT>Lab.fee CNY/PER</DDTEXT>
     <REPTEXT>Lab.fee CNY/PER</REPTEXT>
     <SCRTEXT_S>Lab.fee CN</SCRTEXT_S>
     <SCRTEXT_M>Lab.fee CNY/PER</SCRTEXT_M>
     <SCRTEXT_L>Lab.fee CNY/PER</SCRTEXT_L>
    </item>
   </DD04_TEXTS>
  </asx:values>
 </asx:abap>
</abapGit>
