﻿<?xml version="1.0" encoding="utf-8"?>
<abapGit version="v1.0.0" serializer="LCL_OBJECT_DTEL" serializer_version="v1.0.0">
 <asx:abap xmlns:asx="http://www.sap.com/abapxml" version="1.0">
  <asx:values>
   <DD04V>
    <ROLLNAME>ZMIANQI</ROLLNAME>
    <DDLANGUAGE>1</DDLANGUAGE>
    <DOMNAME>ZDEC166</DOMNAME>
    <HEADLEN>20</HEADLEN>
    <SCRLEN1>10</SCRLEN1>
    <SCRLEN2>15</SCRLEN2>
    <SCRLEN3>20</SCRLEN3>
    <DDTEXT>底漆面漆（RMB/kg）</DDTEXT>
    <REPTEXT>底漆面漆（RMB/kg）</REPTEXT>
    <SCRTEXT_S>底漆面漆（RMB/k</SCRTEXT_S>
    <SCRTEXT_M>底漆面漆（RMB/kg）</SCRTEXT_M>
    <SCRTEXT_L>底漆面漆（RMB/kg）</SCRTEXT_L>
    <DTELMASTER>1</DTELMASTER>
    <REFKIND>D</REFKIND>
   </DD04V>
   <I18N_LANGS>
    <LANGU>E</LANGU>
   </I18N_LANGS>
   <DD04_TEXTS>
    <item>
     <DDLANGUAGE>E</DDLANGUAGE>
     <DDTEXT>Pri.fin.（rmb/kg）</DDTEXT>
     <REPTEXT>Pri.fin.（rmb/kg）</REPTEXT>
     <SCRTEXT_S>Pri.fin.（r</SCRTEXT_S>
     <SCRTEXT_M>Pri.fin.（rmb/kg</SCRTEXT_M>
     <SCRTEXT_L>Pri.fin.（rmb/kg）</SCRTEXT_L>
    </item>
   </DD04_TEXTS>
  </asx:values>
 </asx:abap>
</abapGit>
