﻿<?xml version="1.0" encoding="utf-8"?>
<abapGit version="v1.0.0" serializer="LCL_OBJECT_DTEL" serializer_version="v1.0.0">
 <asx:abap xmlns:asx="http://www.sap.com/abapxml" version="1.0">
  <asx:values>
   <DD04V>
    <ROLLNAME>ZMINBMS</ROLLNAME>
    <DDLANGUAGE>1</DDLANGUAGE>
    <DOMNAME>MENG13</DOMNAME>
    <HEADLEN>20</HEADLEN>
    <SCRLEN1>10</SCRLEN1>
    <SCRLEN2>15</SCRLEN2>
    <SCRLEN3>20</SCRLEN3>
    <DDTEXT>最小订单数量</DDTEXT>
    <REPTEXT>最小订单数量</REPTEXT>
    <SCRTEXT_S>最小订单数量</SCRTEXT_S>
    <SCRTEXT_M>最小订单数量</SCRTEXT_M>
    <SCRTEXT_L>最小订单数量</SCRTEXT_L>
    <DTELMASTER>1</DTELMASTER>
    <REFKIND>D</REFKIND>
   </DD04V>
   <I18N_LANGS>
    <LANGU>E</LANGU>
   </I18N_LANGS>
   <DD04_TEXTS>
    <item>
     <DDLANGUAGE>E</DDLANGUAGE>
     <DDTEXT>Minimum Qty</DDTEXT>
     <REPTEXT>Minimum Qty</REPTEXT>
     <SCRTEXT_S>Minimum Qt</SCRTEXT_S>
     <SCRTEXT_M>Minimum Qty</SCRTEXT_M>
     <SCRTEXT_L>Minimum Qty</SCRTEXT_L>
    </item>
   </DD04_TEXTS>
  </asx:values>
 </asx:abap>
</abapGit>
