﻿<?xml version="1.0" encoding="utf-8"?>
<abapGit version="v1.0.0" serializer="LCL_OBJECT_DTEL" serializer_version="v1.0.0">
 <asx:abap xmlns:asx="http://www.sap.com/abapxml" version="1.0">
  <asx:values>
   <DD04V>
    <ROLLNAME>ZMJBH</ROLLNAME>
    <DDLANGUAGE>1</DDLANGUAGE>
    <DOMNAME>MATNR</DOMNAME>
    <HEADLEN>20</HEADLEN>
    <SCRLEN1>10</SCRLEN1>
    <SCRLEN2>15</SCRLEN2>
    <SCRLEN3>20</SCRLEN3>
    <DDTEXT>模具编号</DDTEXT>
    <REPTEXT>模具编号</REPTEXT>
    <SCRTEXT_S>模具编号</SCRTEXT_S>
    <SCRTEXT_M>模具编号</SCRTEXT_M>
    <SCRTEXT_L>模具编号</SCRTEXT_L>
    <DTELMASTER>1</DTELMASTER>
    <REFKIND>D</REFKIND>
   </DD04V>
   <I18N_LANGS>
    <LANGU>E</LANGU>
   </I18N_LANGS>
   <DD04_TEXTS>
    <item>
     <DDLANGUAGE>E</DDLANGUAGE>
     <DDTEXT>Mold.no.</DDTEXT>
     <REPTEXT>Mold.no.</REPTEXT>
     <SCRTEXT_S>Mold.no.</SCRTEXT_S>
     <SCRTEXT_M>Mold.no.</SCRTEXT_M>
     <SCRTEXT_L>Mold.no.</SCRTEXT_L>
    </item>
   </DD04_TEXTS>
  </asx:values>
 </asx:abap>
</abapGit>
