﻿<?xml version="1.0" encoding="utf-8"?>
<abapGit version="v1.0.0" serializer="LCL_OBJECT_DTEL" serializer_version="v1.0.0">
 <asx:abap xmlns:asx="http://www.sap.com/abapxml" version="1.0">
  <asx:values>
   <DD04V>
    <ROLLNAME>ZMQFY</ROLLNAME>
    <DDLANGUAGE>1</DDLANGUAGE>
    <DOMNAME>ZDEC166</DOMNAME>
    <HEADLEN>20</HEADLEN>
    <SCRLEN1>10</SCRLEN1>
    <SCRLEN2>15</SCRLEN2>
    <SCRLEN3>20</SCRLEN3>
    <DDTEXT>面漆（RMB/kg）</DDTEXT>
    <REPTEXT>面漆（RMB/kg）</REPTEXT>
    <SCRTEXT_S>面漆（RMB/kg）</SCRTEXT_S>
    <SCRTEXT_M>面漆（RMB/kg）</SCRTEXT_M>
    <SCRTEXT_L>面漆（RMB/kg）</SCRTEXT_L>
    <DTELMASTER>1</DTELMASTER>
    <REFKIND>D</REFKIND>
   </DD04V>
   <I18N_LANGS>
    <LANGU>E</LANGU>
   </I18N_LANGS>
   <DD04_TEXTS>
    <item>
     <DDLANGUAGE>E</DDLANGUAGE>
     <DDTEXT>Finish fee（rmb/kg）</DDTEXT>
     <REPTEXT>Finish fee（rmb/kg）</REPTEXT>
     <SCRTEXT_S>Finish fee</SCRTEXT_S>
     <SCRTEXT_M>Finish fee（rmb/</SCRTEXT_M>
     <SCRTEXT_L>Finish fee（rmb/kg）</SCRTEXT_L>
    </item>
   </DD04_TEXTS>
  </asx:values>
 </asx:abap>
</abapGit>
