﻿<?xml version="1.0" encoding="utf-8"?>
<abapGit version="v1.0.0" serializer="LCL_OBJECT_DTEL" serializer_version="v1.0.0">
 <asx:abap xmlns:asx="http://www.sap.com/abapxml" version="1.0">
  <asx:values>
   <DD04V>
    <ROLLNAME>ZMQPTCS</ROLLNAME>
    <DDLANGUAGE>1</DDLANGUAGE>
    <DOMNAME>SMO_NUM12</DOMNAME>
    <HEADLEN>20</HEADLEN>
    <SCRLEN1>10</SCRLEN1>
    <SCRLEN2>15</SCRLEN2>
    <SCRLEN3>20</SCRLEN3>
    <DDTEXT>面漆喷涂次数</DDTEXT>
    <REPTEXT>面漆喷涂次数</REPTEXT>
    <SCRTEXT_S>面漆喷涂次数</SCRTEXT_S>
    <SCRTEXT_M>面漆喷涂次数</SCRTEXT_M>
    <SCRTEXT_L>面漆喷涂次数</SCRTEXT_L>
    <DTELMASTER>1</DTELMASTER>
    <REFKIND>D</REFKIND>
   </DD04V>
   <I18N_LANGS>
    <LANGU>E</LANGU>
   </I18N_LANGS>
   <DD04_TEXTS>
    <item>
     <DDLANGUAGE>E</DDLANGUAGE>
     <DDTEXT>Spray no. Of fin.</DDTEXT>
     <REPTEXT>Spray no. Of fin.</REPTEXT>
     <SCRTEXT_S>Spray no.</SCRTEXT_S>
     <SCRTEXT_M>Spray no. Of fi</SCRTEXT_M>
     <SCRTEXT_L>Spray no. Of fin.</SCRTEXT_L>
    </item>
   </DD04_TEXTS>
  </asx:values>
 </asx:abap>
</abapGit>
