﻿<?xml version="1.0" encoding="utf-8"?>
<abapGit version="v1.0.0" serializer="LCL_OBJECT_DTEL" serializer_version="v1.0.0">
 <asx:abap xmlns:asx="http://www.sap.com/abapxml" version="1.0">
  <asx:values>
   <DD04V>
    <ROLLNAME>ZMQYQYL</ROLLNAME>
    <DDLANGUAGE>1</DDLANGUAGE>
    <DOMNAME>SMO_NUM12</DOMNAME>
    <HEADLEN>20</HEADLEN>
    <SCRLEN1>10</SCRLEN1>
    <SCRLEN2>15</SCRLEN2>
    <SCRLEN3>20</SCRLEN3>
    <DDTEXT>面漆油漆用量（g）</DDTEXT>
    <REPTEXT>面漆油漆用量（g）</REPTEXT>
    <SCRTEXT_S>面漆油漆用量（g）</SCRTEXT_S>
    <SCRTEXT_M>面漆油漆用量（g）</SCRTEXT_M>
    <SCRTEXT_L>面漆油漆用量（g）</SCRTEXT_L>
    <DTELMASTER>1</DTELMASTER>
    <REFKIND>D</REFKIND>
   </DD04V>
   <I18N_LANGS>
    <LANGU>E</LANGU>
   </I18N_LANGS>
   <DD04_TEXTS>
    <item>
     <DDLANGUAGE>E</DDLANGUAGE>
     <DDTEXT>Finish paint con.（g）</DDTEXT>
     <REPTEXT>Finish paint con.（g）</REPTEXT>
     <SCRTEXT_S>Finish pai</SCRTEXT_S>
     <SCRTEXT_M>Finish paint co</SCRTEXT_M>
     <SCRTEXT_L>Finish paint con.（g）</SCRTEXT_L>
    </item>
   </DD04_TEXTS>
  </asx:values>
 </asx:abap>
</abapGit>
