﻿<?xml version="1.0" encoding="utf-8"?>
<abapGit version="v1.0.0" serializer="LCL_OBJECT_DOMA" serializer_version="v1.0.0">
 <asx:abap xmlns:asx="http://www.sap.com/abapxml" version="1.0">
  <asx:values>
   <DD01V>
    <DOMNAME>ZMWSKZS</DOMNAME>
    <DDLANGUAGE>1</DDLANGUAGE>
    <DATATYPE>CHAR</DATATYPE>
    <LENG>000002</LENG>
    <OUTPUTLEN>000002</OUTPUTLEN>
    <VALEXI>X</VALEXI>
    <DDTEXT>税代码</DDTEXT>
   </DD01V>
   <DD07V_TAB>
    <DD07V>
     <DOMNAME>ZMWSKZS</DOMNAME>
     <VALPOS>0001</VALPOS>
     <DDLANGUAGE>1</DDLANGUAGE>
     <DOMVALUE_L>J0</DOMVALUE_L>
     <DDTEXT>J0,0% input tax, China</DDTEXT>
    </DD07V>
    <DD07V>
     <DOMNAME>ZMWSKZS</DOMNAME>
     <VALPOS>0002</VALPOS>
     <DDLANGUAGE>1</DDLANGUAGE>
     <DOMVALUE_L>J1</DOMVALUE_L>
     <DDTEXT>J1,17% input tax, China</DDTEXT>
    </DD07V>
    <DD07V>
     <DOMNAME>ZMWSKZS</DOMNAME>
     <VALPOS>0003</VALPOS>
     <DDLANGUAGE>1</DDLANGUAGE>
     <DOMVALUE_L>J2</DOMVALUE_L>
     <DDTEXT>J2,13% input tax, China</DDTEXT>
    </DD07V>
    <DD07V>
     <DOMNAME>ZMWSKZS</DOMNAME>
     <VALPOS>0004</VALPOS>
     <DDLANGUAGE>1</DDLANGUAGE>
     <DOMVALUE_L>J3</DOMVALUE_L>
     <DDTEXT>J3,7% Input Tax Transport</DDTEXT>
    </DD07V>
    <DD07V>
     <DOMNAME>ZMWSKZS</DOMNAME>
     <VALPOS>0005</VALPOS>
     <DDLANGUAGE>1</DDLANGUAGE>
     <DOMVALUE_L>J4</DOMVALUE_L>
     <DDTEXT>J4,6% Input Tax</DDTEXT>
    </DD07V>
    <DD07V>
     <DOMNAME>ZMWSKZS</DOMNAME>
     <VALPOS>0006</VALPOS>
     <DDLANGUAGE>1</DDLANGUAGE>
     <DOMVALUE_L>J5</DOMVALUE_L>
     <DDTEXT>J5,4% Input Tax</DDTEXT>
    </DD07V>
    <DD07V>
     <DOMNAME>ZMWSKZS</DOMNAME>
     <VALPOS>0007</VALPOS>
     <DDLANGUAGE>1</DDLANGUAGE>
     <DOMVALUE_L>J6</DOMVALUE_L>
     <DDTEXT>J6,Tax on Import Duties</DDTEXT>
    </DD07V>
    <DD07V>
     <DOMNAME>ZMWSKZS</DOMNAME>
     <VALPOS>0008</VALPOS>
     <DDLANGUAGE>1</DDLANGUAGE>
     <DOMVALUE_L>J7</DOMVALUE_L>
     <DDTEXT>J7,3% Input Tax</DDTEXT>
    </DD07V>
    <DD07V>
     <DOMNAME>ZMWSKZS</DOMNAME>
     <VALPOS>0009</VALPOS>
     <DDLANGUAGE>1</DDLANGUAGE>
     <DOMVALUE_L>J8</DOMVALUE_L>
     <DDTEXT>J8,11% Input Tax - Transport</DDTEXT>
    </DD07V>
    <DD07V>
     <DOMNAME>ZMWSKZS</DOMNAME>
     <VALPOS>0010</VALPOS>
     <DDLANGUAGE>1</DDLANGUAGE>
     <DOMVALUE_L>J9</DOMVALUE_L>
     <DDTEXT>J9,5% Input Tax</DDTEXT>
    </DD07V>
    <DD07V>
     <DOMNAME>ZMWSKZS</DOMNAME>
     <VALPOS>0011</VALPOS>
     <DDLANGUAGE>1</DDLANGUAGE>
     <DOMVALUE_L>JA</DOMVALUE_L>
     <DDTEXT>JA,16% input tax, China</DDTEXT>
    </DD07V>
    <DD07V>
     <DOMNAME>ZMWSKZS</DOMNAME>
     <VALPOS>0012</VALPOS>
     <DDLANGUAGE>1</DDLANGUAGE>
     <DOMVALUE_L>JB</DOMVALUE_L>
     <DDTEXT>JB,10% input tax, China</DDTEXT>
    </DD07V>
   </DD07V_TAB>
   <I18N_LANGS>
    <LANGU>E</LANGU>
   </I18N_LANGS>
   <DD01_TEXTS>
    <item>
     <DDLANGUAGE>E</DDLANGUAGE>
     <DDTEXT>Tax Code</DDTEXT>
    </item>
   </DD01_TEXTS>
   <DD07_TEXTS>
    <item>
     <VALPOS>0001</VALPOS>
     <DDLANGUAGE>E</DDLANGUAGE>
     <DOMVALUE_L>J0</DOMVALUE_L>
     <DDTEXT>J0,0% input tax, China                               </DDTEXT>
    </item>
    <item>
     <VALPOS>0002</VALPOS>
     <DDLANGUAGE>E</DDLANGUAGE>
     <DOMVALUE_L>J1</DOMVALUE_L>
     <DDTEXT>J1,17% input tax, China                              </DDTEXT>
    </item>
    <item>
     <VALPOS>0003</VALPOS>
     <DDLANGUAGE>E</DDLANGUAGE>
     <DOMVALUE_L>J2</DOMVALUE_L>
     <DDTEXT>J2,13% input tax, China                              </DDTEXT>
    </item>
    <item>
     <VALPOS>0004</VALPOS>
     <DDLANGUAGE>E</DDLANGUAGE>
     <DOMVALUE_L>J3</DOMVALUE_L>
     <DDTEXT>J3,7% Input Tax Transport                            </DDTEXT>
    </item>
    <item>
     <VALPOS>0005</VALPOS>
     <DDLANGUAGE>E</DDLANGUAGE>
     <DOMVALUE_L>J4</DOMVALUE_L>
     <DDTEXT>J4,6% Input Tax                                      </DDTEXT>
    </item>
    <item>
     <VALPOS>0006</VALPOS>
     <DDLANGUAGE>E</DDLANGUAGE>
     <DOMVALUE_L>J5</DOMVALUE_L>
     <DDTEXT>J5,4% Input Tax                                      </DDTEXT>
    </item>
    <item>
     <VALPOS>0007</VALPOS>
     <DDLANGUAGE>E</DDLANGUAGE>
     <DOMVALUE_L>J6</DOMVALUE_L>
     <DDTEXT>J6,Tax on Import Duties                              </DDTEXT>
    </item>
    <item>
     <VALPOS>0008</VALPOS>
     <DDLANGUAGE>E</DDLANGUAGE>
     <DOMVALUE_L>J7</DOMVALUE_L>
     <DDTEXT>J7,3% Input Tax                                      </DDTEXT>
    </item>
    <item>
     <VALPOS>0009</VALPOS>
     <DDLANGUAGE>E</DDLANGUAGE>
     <DOMVALUE_L>J8</DOMVALUE_L>
     <DDTEXT>J8,11% Input Tax - Transport                         </DDTEXT>
    </item>
    <item>
     <VALPOS>0010</VALPOS>
     <DDLANGUAGE>E</DDLANGUAGE>
     <DOMVALUE_L>J9</DOMVALUE_L>
     <DDTEXT>J9,5% Input Tax</DDTEXT>
    </item>
    <item>
     <VALPOS>0011</VALPOS>
     <DDLANGUAGE>E</DDLANGUAGE>
     <DOMVALUE_L>JA</DOMVALUE_L>
     <DDTEXT>JA,16% input tax, China</DDTEXT>
    </item>
    <item>
     <VALPOS>0012</VALPOS>
     <DDLANGUAGE>E</DDLANGUAGE>
     <DOMVALUE_L>JB</DOMVALUE_L>
     <DDTEXT>JB,10% input tax, China </DDTEXT>
    </item>
   </DD07_TEXTS>
  </asx:values>
 </asx:abap>
</abapGit>
