﻿<?xml version="1.0" encoding="utf-8"?>
<abapGit version="v1.0.0" serializer="LCL_OBJECT_DTEL" serializer_version="v1.0.0">
 <asx:abap xmlns:asx="http://www.sap.com/abapxml" version="1.0">
  <asx:values>
   <DD04V>
    <ROLLNAME>ZMWSKZS</ROLLNAME>
    <DDLANGUAGE>1</DDLANGUAGE>
    <DOMNAME>ZMWSKZS</DOMNAME>
    <HEADLEN>10</HEADLEN>
    <SCRLEN1>10</SCRLEN1>
    <SCRLEN2>10</SCRLEN2>
    <SCRLEN3>10</SCRLEN3>
    <DDTEXT>税代码</DDTEXT>
    <REPTEXT>税代码</REPTEXT>
    <SCRTEXT_S>税代码</SCRTEXT_S>
    <SCRTEXT_M>税代码</SCRTEXT_M>
    <SCRTEXT_L>税代码</SCRTEXT_L>
    <DTELMASTER>1</DTELMASTER>
    <REFKIND>D</REFKIND>
   </DD04V>
   <I18N_LANGS>
    <LANGU>E</LANGU>
   </I18N_LANGS>
   <DD04_TEXTS>
    <item>
     <DDLANGUAGE>E</DDLANGUAGE>
     <DDTEXT>Tax Code</DDTEXT>
     <REPTEXT>Tax Code</REPTEXT>
     <SCRTEXT_S>Tax Code</SCRTEXT_S>
     <SCRTEXT_M>Tax Code</SCRTEXT_M>
     <SCRTEXT_L>Tax Code</SCRTEXT_L>
    </item>
   </DD04_TEXTS>
  </asx:values>
 </asx:abap>
</abapGit>
