﻿<?xml version="1.0" encoding="utf-8"?>
<abapGit version="v1.0.0" serializer="LCL_OBJECT_DTEL" serializer_version="v1.0.0">
 <asx:abap xmlns:asx="http://www.sap.com/abapxml" version="1.0">
  <asx:values>
   <DD04V>
    <ROLLNAME>ZMXSCN</ROLLNAME>
    <DDLANGUAGE>1</DDLANGUAGE>
    <DOMNAME>SMO_NUM12</DOMNAME>
    <HEADLEN>20</HEADLEN>
    <SCRLEN1>10</SCRLEN1>
    <SCRLEN2>15</SCRLEN2>
    <SCRLEN3>20</SCRLEN3>
    <DDTEXT>每小时产能（pcs/Hr）</DDTEXT>
    <REPTEXT>每小时产能（pcs/Hr）</REPTEXT>
    <SCRTEXT_S>每小时产能（pcs/</SCRTEXT_S>
    <SCRTEXT_M>每小时产能（pcs/Hr）</SCRTEXT_M>
    <SCRTEXT_L>每小时产能（pcs/Hr）</SCRTEXT_L>
    <DTELMASTER>1</DTELMASTER>
    <REFKIND>D</REFKIND>
   </DD04V>
   <I18N_LANGS>
    <LANGU>E</LANGU>
   </I18N_LANGS>
   <DD04_TEXTS>
    <item>
     <DDLANGUAGE>E</DDLANGUAGE>
     <DDTEXT>Capacity（pcs/hr）</DDTEXT>
     <REPTEXT>Capacity（pcs/hr）</REPTEXT>
     <SCRTEXT_S>Capacity（p</SCRTEXT_S>
     <SCRTEXT_M>Capacity（pcs/hr</SCRTEXT_M>
     <SCRTEXT_L>Capacity（pcs/hr）</SCRTEXT_L>
    </item>
   </DD04_TEXTS>
  </asx:values>
 </asx:abap>
</abapGit>
