﻿<?xml version="1.0" encoding="utf-8"?>
<abapGit version="v1.0.0" serializer="LCL_OBJECT_DTEL" serializer_version="v1.0.0">
 <asx:abap xmlns:asx="http://www.sap.com/abapxml" version="1.0">
  <asx:values>
   <DD04V>
    <ROLLNAME>ZMZCP</ROLLNAME>
    <DDLANGUAGE>1</DDLANGUAGE>
    <DOMNAME>SMO_NUM12</DOMNAME>
    <HEADLEN>20</HEADLEN>
    <SCRLEN1>10</SCRLEN1>
    <SCRLEN2>15</SCRLEN2>
    <SCRLEN3>20</SCRLEN3>
    <DDTEXT>毛重g/产品</DDTEXT>
    <REPTEXT>毛重g/产品</REPTEXT>
    <SCRTEXT_S>毛重g/产品</SCRTEXT_S>
    <SCRTEXT_M>毛重g/产品</SCRTEXT_M>
    <SCRTEXT_L>毛重g/产品</SCRTEXT_L>
    <DTELMASTER>1</DTELMASTER>
    <REFKIND>D</REFKIND>
   </DD04V>
   <I18N_LANGS>
    <LANGU>E</LANGU>
   </I18N_LANGS>
   <DD04_TEXTS>
    <item>
     <DDLANGUAGE>E</DDLANGUAGE>
     <DDTEXT>G.W/g/per</DDTEXT>
     <REPTEXT>G.W/g/per</REPTEXT>
     <SCRTEXT_S>G.W/g/per</SCRTEXT_S>
     <SCRTEXT_M>G.W/g/per</SCRTEXT_M>
     <SCRTEXT_L>G.W/g/per</SCRTEXT_L>
    </item>
   </DD04_TEXTS>
  </asx:values>
 </asx:abap>
</abapGit>
