﻿<?xml version="1.0" encoding="utf-8"?>
<abapGit version="v1.0.0" serializer="LCL_OBJECT_DTEL" serializer_version="v1.0.0">
 <asx:abap xmlns:asx="http://www.sap.com/abapxml" version="1.0">
  <asx:values>
   <DD04V>
    <ROLLNAME>ZNAME1</ROLLNAME>
    <DDLANGUAGE>1</DDLANGUAGE>
    <DOMNAME>CHAR40</DOMNAME>
    <HEADLEN>40</HEADLEN>
    <SCRLEN1>10</SCRLEN1>
    <SCRLEN2>20</SCRLEN2>
    <SCRLEN3>40</SCRLEN3>
    <DDTEXT>企业名称1</DDTEXT>
    <REPTEXT>企业名称1</REPTEXT>
    <SCRTEXT_S>企业名称1</SCRTEXT_S>
    <SCRTEXT_M>企业名称1</SCRTEXT_M>
    <SCRTEXT_L>企业名称1</SCRTEXT_L>
    <DTELMASTER>1</DTELMASTER>
    <REFKIND>D</REFKIND>
   </DD04V>
   <I18N_LANGS>
    <LANGU>E</LANGU>
   </I18N_LANGS>
   <DD04_TEXTS>
    <item>
     <DDLANGUAGE>E</DDLANGUAGE>
     <DDTEXT>Company Name1</DDTEXT>
     <REPTEXT>Company Name1</REPTEXT>
     <SCRTEXT_S>Company Na</SCRTEXT_S>
     <SCRTEXT_M>Company Name1</SCRTEXT_M>
     <SCRTEXT_L>Company Name1</SCRTEXT_L>
    </item>
   </DD04_TEXTS>
  </asx:values>
 </asx:abap>
</abapGit>
