﻿<?xml version="1.0" encoding="utf-8"?>
<abapGit version="v1.0.0" serializer="LCL_OBJECT_DTEL" serializer_version="v1.0.0">
 <asx:abap xmlns:asx="http://www.sap.com/abapxml" version="1.0">
  <asx:values>
   <DD04V>
    <ROLLNAME>ZNETWEIGHT</ROLLNAME>
    <DDLANGUAGE>1</DDLANGUAGE>
    <DOMNAME>QQDEC166</DOMNAME>
    <HEADLEN>20</HEADLEN>
    <SCRLEN1>10</SCRLEN1>
    <SCRLEN2>15</SCRLEN2>
    <SCRLEN3>20</SCRLEN3>
    <DDTEXT>产品净重（g）</DDTEXT>
    <REPTEXT>产品净重（g）</REPTEXT>
    <SCRTEXT_S>产品净重（g）</SCRTEXT_S>
    <SCRTEXT_M>产品净重（g）</SCRTEXT_M>
    <SCRTEXT_L>产品净重（g）</SCRTEXT_L>
    <DTELMASTER>1</DTELMASTER>
    <REFKIND>D</REFKIND>
   </DD04V>
   <I18N_LANGS>
    <LANGU>E</LANGU>
   </I18N_LANGS>
   <DD04_TEXTS>
    <item>
     <DDLANGUAGE>E</DDLANGUAGE>
     <DDTEXT>Goods N.W(G)</DDTEXT>
     <REPTEXT>Goods N.W(G)</REPTEXT>
     <SCRTEXT_S>Goods N.W(</SCRTEXT_S>
     <SCRTEXT_M>Goods N.W(G)</SCRTEXT_M>
     <SCRTEXT_L>Goods N.W(G)</SCRTEXT_L>
    </item>
   </DD04_TEXTS>
  </asx:values>
 </asx:abap>
</abapGit>
