﻿<?xml version="1.0" encoding="utf-8"?>
<abapGit version="v1.0.0" serializer="LCL_OBJECT_DTEL" serializer_version="v1.0.0">
 <asx:abap xmlns:asx="http://www.sap.com/abapxml" version="1.0">
  <asx:values>
   <DD04V>
    <ROLLNAME>ZNORBMS</ROLLNAME>
    <DDLANGUAGE>1</DDLANGUAGE>
    <DOMNAME>MENG13</DOMNAME>
    <HEADLEN>20</HEADLEN>
    <SCRLEN1>10</SCRLEN1>
    <SCRLEN2>15</SCRLEN2>
    <SCRLEN3>20</SCRLEN3>
    <DDTEXT>标准数量（最小包装量）</DDTEXT>
    <REPTEXT>标准数量（最小包装量）</REPTEXT>
    <SCRTEXT_S>标准数量（最小包装量</SCRTEXT_S>
    <SCRTEXT_M>标准数量（最小包装量）</SCRTEXT_M>
    <SCRTEXT_L>标准数量（最小包装量）</SCRTEXT_L>
    <DTELMASTER>1</DTELMASTER>
    <REFKIND>D</REFKIND>
   </DD04V>
   <I18N_LANGS>
    <LANGU>E</LANGU>
   </I18N_LANGS>
   <DD04_TEXTS>
    <item>
     <DDLANGUAGE>E</DDLANGUAGE>
     <DDTEXT>Standard Qty</DDTEXT>
     <REPTEXT>Standard Qty</REPTEXT>
     <SCRTEXT_S>Standard</SCRTEXT_S>
     <SCRTEXT_M>Standard Qty</SCRTEXT_M>
     <SCRTEXT_L>Standard Qty</SCRTEXT_L>
    </item>
   </DD04_TEXTS>
  </asx:values>
 </asx:abap>
</abapGit>
