﻿<?xml version="1.0" encoding="utf-8"?>
<abapGit version="v1.0.0" serializer="LCL_OBJECT_DTEL" serializer_version="v1.0.0">
 <asx:abap xmlns:asx="http://www.sap.com/abapxml" version="1.0">
  <asx:values>
   <DD04V>
    <ROLLNAME>ZNUMBER2</ROLLNAME>
    <DDLANGUAGE>1</DDLANGUAGE>
    <DOMNAME>ZNUMBER8_3</DOMNAME>
    <HEADLEN>10</HEADLEN>
    <SCRLEN1>10</SCRLEN1>
    <SCRLEN2>10</SCRLEN2>
    <SCRLEN3>10</SCRLEN3>
    <DDTEXT>用量</DDTEXT>
    <REPTEXT>用量</REPTEXT>
    <SCRTEXT_S>用量</SCRTEXT_S>
    <SCRTEXT_M>用量</SCRTEXT_M>
    <SCRTEXT_L>用量</SCRTEXT_L>
    <DTELMASTER>1</DTELMASTER>
    <REFKIND>D</REFKIND>
   </DD04V>
   <I18N_LANGS>
    <LANGU>E</LANGU>
   </I18N_LANGS>
   <DD04_TEXTS>
    <item>
     <DDLANGUAGE>E</DDLANGUAGE>
     <DDTEXT>Quantity</DDTEXT>
     <REPTEXT>Quantity</REPTEXT>
     <SCRTEXT_S>Quantity</SCRTEXT_S>
     <SCRTEXT_M>Quantity</SCRTEXT_M>
     <SCRTEXT_L>Quantity</SCRTEXT_L>
    </item>
   </DD04_TEXTS>
  </asx:values>
 </asx:abap>
</abapGit>
