﻿<?xml version="1.0" encoding="utf-8"?>
<abapGit version="v1.0.0" serializer="LCL_OBJECT_DTEL" serializer_version="v1.0.0">
 <asx:abap xmlns:asx="http://www.sap.com/abapxml" version="1.0">
  <asx:values>
   <DD04V>
    <ROLLNAME>ZNUMBER</ROLLNAME>
    <DDLANGUAGE>1</DDLANGUAGE>
    <DOMNAME>/SAPCND/DD_COUNTER2</DOMNAME>
    <HEADLEN>10</HEADLEN>
    <SCRLEN1>10</SCRLEN1>
    <SCRLEN2>10</SCRLEN2>
    <SCRLEN3>10</SCRLEN3>
    <DDTEXT>流水号</DDTEXT>
    <REPTEXT>流水号</REPTEXT>
    <SCRTEXT_S>流水号</SCRTEXT_S>
    <SCRTEXT_M>流水号</SCRTEXT_M>
    <SCRTEXT_L>流水号</SCRTEXT_L>
    <DTELMASTER>1</DTELMASTER>
    <REFKIND>D</REFKIND>
   </DD04V>
  </asx:values>
 </asx:abap>
</abapGit>
