﻿<?xml version="1.0" encoding="utf-8"?>
<abapGit version="v1.0.0" serializer="LCL_OBJECT_DTEL" serializer_version="v1.0.0">
 <asx:abap xmlns:asx="http://www.sap.com/abapxml" version="1.0">
  <asx:values>
   <DD04V>
    <ROLLNAME>ZOA2URL</ROLLNAME>
    <DDLANGUAGE>1</DDLANGUAGE>
    <DOMNAME>ZOA2URL</DOMNAME>
    <HEADLEN>40</HEADLEN>
    <SCRLEN1>10</SCRLEN1>
    <SCRLEN2>20</SCRLEN2>
    <SCRLEN3>40</SCRLEN3>
    <DDTEXT>财务维护OA流程链接</DDTEXT>
    <REPTEXT>财务维护OA流程链接</REPTEXT>
    <SCRTEXT_S>财务维护OA流程链接</SCRTEXT_S>
    <SCRTEXT_M>财务维护OA流程链接</SCRTEXT_M>
    <SCRTEXT_L>财务维护OA流程链接</SCRTEXT_L>
    <DTELMASTER>1</DTELMASTER>
    <REFKIND>D</REFKIND>
   </DD04V>
   <I18N_LANGS>
    <LANGU>E</LANGU>
   </I18N_LANGS>
   <DD04_TEXTS>
    <item>
     <DDLANGUAGE>E</DDLANGUAGE>
     <DDTEXT>Finance info. OA URL</DDTEXT>
     <REPTEXT>Finance info. OA URL</REPTEXT>
     <SCRTEXT_S>Finance in</SCRTEXT_S>
     <SCRTEXT_M>Finance info. OA URL</SCRTEXT_M>
     <SCRTEXT_L>Finance info. OA URL</SCRTEXT_L>
    </item>
   </DD04_TEXTS>
  </asx:values>
 </asx:abap>
</abapGit>
