﻿<?xml version="1.0" encoding="utf-8"?>
<abapGit version="v1.0.0" serializer="LCL_OBJECT_DTEL" serializer_version="v1.0.0">
 <asx:abap xmlns:asx="http://www.sap.com/abapxml" version="1.0">
  <asx:values>
   <DD04V>
    <ROLLNAME>ZOAITEMS</ROLLNAME>
    <DDLANGUAGE>1</DDLANGUAGE>
    <DOMNAME>ZOAITEMS</DOMNAME>
    <HEADLEN>20</HEADLEN>
    <SCRLEN1>10</SCRLEN1>
    <SCRLEN2>15</SCRLEN2>
    <SCRLEN3>20</SCRLEN3>
    <DDTEXT>OA行项目编号</DDTEXT>
    <REPTEXT>OA行项目编号</REPTEXT>
    <SCRTEXT_S>OA行项目编号</SCRTEXT_S>
    <SCRTEXT_M>OA行项目编号</SCRTEXT_M>
    <SCRTEXT_L>OA行项目编号</SCRTEXT_L>
    <DTELMASTER>1</DTELMASTER>
    <REFKIND>D</REFKIND>
   </DD04V>
   <I18N_LANGS>
    <LANGU>E</LANGU>
   </I18N_LANGS>
   <DD04_TEXTS>
    <item>
     <DDLANGUAGE>E</DDLANGUAGE>
     <DDTEXT>OA item number</DDTEXT>
     <REPTEXT>OA item number</REPTEXT>
     <SCRTEXT_S>OA item</SCRTEXT_S>
     <SCRTEXT_M>OA item number</SCRTEXT_M>
     <SCRTEXT_L>OA item number</SCRTEXT_L>
    </item>
   </DD04_TEXTS>
  </asx:values>
 </asx:abap>
</abapGit>
