﻿<?xml version="1.0" encoding="utf-8"?>
<abapGit version="v1.0.0" serializer="LCL_OBJECT_DTEL" serializer_version="v1.0.0">
 <asx:abap xmlns:asx="http://www.sap.com/abapxml" version="1.0">
  <asx:values>
   <DD04V>
    <ROLLNAME>ZOAREVIEW</ROLLNAME>
    <DDLANGUAGE>1</DDLANGUAGE>
    <DOMNAME>ZOAREVIEW</DOMNAME>
    <HEADLEN>40</HEADLEN>
    <SCRLEN1>10</SCRLEN1>
    <SCRLEN2>20</SCRLEN2>
    <SCRLEN3>40</SCRLEN3>
    <DDTEXT>评审状态</DDTEXT>
    <REPTEXT>评审状态</REPTEXT>
    <SCRTEXT_S>评审状态</SCRTEXT_S>
    <SCRTEXT_M>评审状态</SCRTEXT_M>
    <SCRTEXT_L>评审状态</SCRTEXT_L>
    <DTELMASTER>1</DTELMASTER>
    <REFKIND>D</REFKIND>
   </DD04V>
   <I18N_LANGS>
    <LANGU>E</LANGU>
   </I18N_LANGS>
   <DD04_TEXTS>
    <item>
     <DDLANGUAGE>E</DDLANGUAGE>
     <DDTEXT>Review status</DDTEXT>
     <REPTEXT>Review status</REPTEXT>
     <SCRTEXT_S>Review sta</SCRTEXT_S>
     <SCRTEXT_M>Review status</SCRTEXT_M>
     <SCRTEXT_L>Review status</SCRTEXT_L>
    </item>
   </DD04_TEXTS>
  </asx:values>
 </asx:abap>
</abapGit>
