﻿<?xml version="1.0" encoding="utf-8"?>
<abapGit version="v1.0.0" serializer="LCL_OBJECT_DOMA" serializer_version="v1.0.0">
 <asx:abap xmlns:asx="http://www.sap.com/abapxml" version="1.0">
  <asx:values>
   <DD01V>
    <DOMNAME>ZOAREVIEW</DOMNAME>
    <DDLANGUAGE>1</DDLANGUAGE>
    <DATATYPE>CHAR</DATATYPE>
    <LENG>000002</LENG>
    <OUTPUTLEN>000002</OUTPUTLEN>
    <VALEXI>X</VALEXI>
    <DDTEXT>评审状态</DDTEXT>
   </DD01V>
   <DD07V_TAB>
    <DD07V>
     <DOMNAME>ZOAREVIEW</DOMNAME>
     <VALPOS>0001</VALPOS>
     <DDLANGUAGE>1</DDLANGUAGE>
     <DOMVALUE_L>00</DOMVALUE_L>
     <DDTEXT>注册供应商</DDTEXT>
    </DD07V>
    <DD07V>
     <DOMNAME>ZOAREVIEW</DOMNAME>
     <VALPOS>0002</VALPOS>
     <DDLANGUAGE>1</DDLANGUAGE>
     <DOMVALUE_L>10</DOMVALUE_L>
     <DDTEXT>初审通过</DDTEXT>
    </DD07V>
    <DD07V>
     <DOMNAME>ZOAREVIEW</DOMNAME>
     <VALPOS>0003</VALPOS>
     <DDLANGUAGE>1</DDLANGUAGE>
     <DOMVALUE_L>20</DOMVALUE_L>
     <DDTEXT>初审拒绝</DDTEXT>
    </DD07V>
    <DD07V>
     <DOMNAME>ZOAREVIEW</DOMNAME>
     <VALPOS>0004</VALPOS>
     <DDLANGUAGE>1</DDLANGUAGE>
     <DOMVALUE_L>30</DOMVALUE_L>
     <DDTEXT>引入审批中</DDTEXT>
    </DD07V>
    <DD07V>
     <DOMNAME>ZOAREVIEW</DOMNAME>
     <VALPOS>0005</VALPOS>
     <DDLANGUAGE>1</DDLANGUAGE>
     <DOMVALUE_L>40</DOMVALUE_L>
     <DDTEXT>引入审批通过</DDTEXT>
    </DD07V>
    <DD07V>
     <DOMNAME>ZOAREVIEW</DOMNAME>
     <VALPOS>0006</VALPOS>
     <DDLANGUAGE>1</DDLANGUAGE>
     <DOMVALUE_L>50</DOMVALUE_L>
     <DDTEXT>引入审批拒绝</DDTEXT>
    </DD07V>
    <DD07V>
     <DOMNAME>ZOAREVIEW</DOMNAME>
     <VALPOS>0007</VALPOS>
     <DDLANGUAGE>1</DDLANGUAGE>
     <DOMVALUE_L>60</DOMVALUE_L>
     <DDTEXT>正式供应商-无财务视图</DDTEXT>
    </DD07V>
    <DD07V>
     <DOMNAME>ZOAREVIEW</DOMNAME>
     <VALPOS>0008</VALPOS>
     <DDLANGUAGE>1</DDLANGUAGE>
     <DOMVALUE_L>70</DOMVALUE_L>
     <DDTEXT>正式供应商-财务视图维护中</DDTEXT>
    </DD07V>
    <DD07V>
     <DOMNAME>ZOAREVIEW</DOMNAME>
     <VALPOS>0009</VALPOS>
     <DDLANGUAGE>1</DDLANGUAGE>
     <DOMVALUE_L>80</DOMVALUE_L>
     <DDTEXT>正式供应商-有财务视图</DDTEXT>
    </DD07V>
   </DD07V_TAB>
  </asx:values>
 </asx:abap>
</abapGit>
