﻿<?xml version="1.0" encoding="utf-8"?>
<abapGit version="v1.0.0" serializer="LCL_OBJECT_DTEL" serializer_version="v1.0.0">
 <asx:abap xmlns:asx="http://www.sap.com/abapxml" version="1.0">
  <asx:values>
   <DD04V>
    <ROLLNAME>ZOARQUERS</ROLLNAME>
    <DDLANGUAGE>1</DDLANGUAGE>
    <DOMNAME>ZOARQUERS</DOMNAME>
    <HEADLEN>10</HEADLEN>
    <SCRLEN1>10</SCRLEN1>
    <SCRLEN2>10</SCRLEN2>
    <SCRLEN3>10</SCRLEN3>
    <DDTEXT>OA需求人</DDTEXT>
    <REPTEXT>OA需求人</REPTEXT>
    <SCRTEXT_S>OA需求人</SCRTEXT_S>
    <SCRTEXT_M>OA需求人</SCRTEXT_M>
    <SCRTEXT_L>OA需求人</SCRTEXT_L>
    <DTELMASTER>1</DTELMASTER>
    <REFKIND>D</REFKIND>
   </DD04V>
   <I18N_LANGS>
    <LANGU>E</LANGU>
   </I18N_LANGS>
   <DD04_TEXTS>
    <item>
     <DDLANGUAGE>E</DDLANGUAGE>
     <DDTEXT>OA PR user</DDTEXT>
     <REPTEXT>OA PR user</REPTEXT>
     <SCRTEXT_S>OA PR user</SCRTEXT_S>
     <SCRTEXT_M>OA PR user</SCRTEXT_M>
     <SCRTEXT_L>OA PR user</SCRTEXT_L>
    </item>
   </DD04_TEXTS>
  </asx:values>
 </asx:abap>
</abapGit>
