﻿<?xml version="1.0" encoding="utf-8"?>
<abapGit version="v1.0.0" serializer="LCL_OBJECT_DTEL" serializer_version="v1.0.0">
 <asx:abap xmlns:asx="http://www.sap.com/abapxml" version="1.0">
  <asx:values>
   <DD04V>
    <ROLLNAME>ZOASTATUSS</ROLLNAME>
    <DDLANGUAGE>1</DDLANGUAGE>
    <DOMNAME>ZOASTATUSS</DOMNAME>
    <HEADLEN>10</HEADLEN>
    <SCRLEN1>10</SCRLEN1>
    <SCRLEN2>10</SCRLEN2>
    <SCRLEN3>10</SCRLEN3>
    <DDTEXT>价格审批状态</DDTEXT>
    <REPTEXT>价格审批状态</REPTEXT>
    <SCRTEXT_S>价格审批状态</SCRTEXT_S>
    <SCRTEXT_M>价格审批状态</SCRTEXT_M>
    <SCRTEXT_L>价格审批状态</SCRTEXT_L>
    <DTELMASTER>1</DTELMASTER>
    <REFKIND>D</REFKIND>
   </DD04V>
   <I18N_LANGS>
    <LANGU>E</LANGU>
   </I18N_LANGS>
   <DD04_TEXTS>
    <item>
     <DDLANGUAGE>E</DDLANGUAGE>
     <DDTEXT>oa status</DDTEXT>
     <REPTEXT>oa status</REPTEXT>
     <SCRTEXT_S>oa status</SCRTEXT_S>
     <SCRTEXT_M>oa status</SCRTEXT_M>
     <SCRTEXT_L>oa status</SCRTEXT_L>
    </item>
   </DD04_TEXTS>
  </asx:values>
 </asx:abap>
</abapGit>
