﻿<?xml version="1.0" encoding="utf-8"?>
<abapGit version="v1.0.0" serializer="LCL_OBJECT_DTEL" serializer_version="v1.0.0">
 <asx:abap xmlns:asx="http://www.sap.com/abapxml" version="1.0">
  <asx:values>
   <DD04V>
    <ROLLNAME>ZOWN</ROLLNAME>
    <DDLANGUAGE>1</DDLANGUAGE>
    <DOMNAME>XFELD</DOMNAME>
    <HEADLEN>40</HEADLEN>
    <SCRLEN1>10</SCRLEN1>
    <SCRLEN2>20</SCRLEN2>
    <SCRLEN3>40</SCRLEN3>
    <DDTEXT>是否具有</DDTEXT>
    <REPTEXT>是否具有</REPTEXT>
    <SCRTEXT_S>是否具有</SCRTEXT_S>
    <SCRTEXT_M>是否具有</SCRTEXT_M>
    <SCRTEXT_L>是否具有</SCRTEXT_L>
    <DTELMASTER>1</DTELMASTER>
    <REFKIND>D</REFKIND>
   </DD04V>
   <I18N_LANGS>
    <LANGU>E</LANGU>
   </I18N_LANGS>
   <DD04_TEXTS>
    <item>
     <DDLANGUAGE>E</DDLANGUAGE>
     <DDTEXT>Yes or not</DDTEXT>
     <REPTEXT>Yes or not</REPTEXT>
     <SCRTEXT_S>Yes or not</SCRTEXT_S>
     <SCRTEXT_M>Yes or not</SCRTEXT_M>
     <SCRTEXT_L>Yes or not</SCRTEXT_L>
    </item>
   </DD04_TEXTS>
  </asx:values>
 </asx:abap>
</abapGit>
