﻿<?xml version="1.0" encoding="utf-8"?>
<abapGit version="v1.0.0" serializer="LCL_OBJECT_DOCT" serializer_version="v1.0.0">
 <asx:abap xmlns:asx="http://www.sap.com/abapxml" version="1.0">
  <asx:values>
   <DOC>
    <HEAD>
     <TDOBJECT>DOKU</TDOBJECT>
     <TDNAME>ZPROTOCOL</TDNAME>
     <TDID>TX</TDID>
     <TDSPRAS>1</TDSPRAS>
     <TDFORM>S_DOCU_SHOW</TDFORM>
     <TDSTYLE>S_DOCUS1</TDSTYLE>
     <TDVERSION>00001</TDVERSION>
     <TDLINESIZE>072</TDLINESIZE>
    </HEAD>
    <LINES>
     <TLINE>
      <TDFORMAT>UT</TDFORMAT>
      <TDLINE>                                                         德赛西威供应链</TDLINE>
     </TLINE>
     <TLINE>
      <TDLINE>管理平台使用协议</TDLINE>
     </TLINE>
     <TLINE>
      <TDFORMAT>*</TDFORMAT>
      <TDLINE>德赛西威供应链管理平台（以下简称平台）特别提醒供应商（以下简称用户）认真</TDLINE>
     </TLINE>
     <TLINE>
      <TDLINE>阅读《德赛西威供应链管理平台使用协议》（以下简称《协议》）。用户认真阅读</TDLINE>
     </TLINE>
     <TLINE>
      <TDLINE>《协议》中各条款，包括免除或限制德赛西威的免责条款及对用户的权利限制。请</TDLINE>
     </TLINE>
     <TLINE>
      <TDLINE>您审阅并接受本《协议》。除非您接受本《协议》条款，否则您无权使用本平台及</TDLINE>
     </TLINE>
     <TLINE>
      <TDLINE>其相关的服务。您的注册、登录和使用行为将视为对本《协议》的接受，并同意接</TDLINE>
     </TLINE>
     <TLINE>
      <TDLINE>受本《协议》各项条款的约束。</TDLINE>
     </TLINE>
     <TLINE>
      <TDFORMAT>*</TDFORMAT>
      <TDLINE>一、定义</TDLINE>
     </TLINE>
     <TLINE>
      <TDFORMAT>*</TDFORMAT>
      <TDLINE>（一）本平台是德赛西威有限公司统一对外的电子采购商务门户。为获得平台的服</TDLINE>
     </TLINE>
     <TLINE>
      <TDLINE>务，用户应当同意本协议的全部条款并按照页面上的提示完成全部的注册程序。</TDLINE>
     </TLINE>
     <TLINE>
      <TDFORMAT>*</TDFORMAT>
      <TDLINE>二、服务内容</TDLINE>
     </TLINE>
     <TLINE>
      <TDFORMAT>*</TDFORMAT>
      <TDLINE>（一）本平台的具体内容由德赛西威据实际情况提供，并保留随时变更、中断或终</TDLINE>
     </TLINE>
     <TLINE>
      <TDLINE>止部分或全部服务的权利,凡有意使用本平台所提供的服务的企业、组织和个人，</TDLINE>
     </TLINE>
     <TLINE>
      <TDLINE>均须接受和遵守本平台的有关规定，要参与德赛西威的投标、报价工作须完成供应</TDLINE>
     </TLINE>
     <TLINE>
      <TDLINE>商注册，并通过审批后方可成为本平台的注册供应商。</TDLINE>
     </TLINE>
    </LINES>
   </DOC>
  </asx:values>
 </asx:abap>
</abapGit>
