﻿<?xml version="1.0" encoding="utf-8"?>
<abapGit version="v1.0.0" serializer="LCL_OBJECT_DOMA" serializer_version="v1.0.0">
 <asx:abap xmlns:asx="http://www.sap.com/abapxml" version="1.0">
  <asx:values>
   <DD01V>
    <DOMNAME>ZSHBLFXFY</DOMNAME>
    <DDLANGUAGE>1</DDLANGUAGE>
    <DATATYPE>DEC</DATATYPE>
    <LENG>000014</LENG>
    <OUTPUTLEN>000018</OUTPUTLEN>
    <DECIMALS>000004</DECIMALS>
    <DDTEXT>售后不良返修费用/元</DDTEXT>
   </DD01V>
  </asx:values>
 </asx:abap>
</abapGit>
