﻿<?xml version="1.0" encoding="utf-8"?>
<abapGit version="v1.0.0" serializer="LCL_OBJECT_DOMA" serializer_version="v1.0.0">
 <asx:abap xmlns:asx="http://www.sap.com/abapxml" version="1.0">
  <asx:values>
   <DD01V>
    <DOMNAME>ZSLTSTATUSS</DOMNAME>
    <DDLANGUAGE>1</DDLANGUAGE>
    <DATATYPE>CHAR</DATATYPE>
    <LENG>000010</LENG>
    <OUTPUTLEN>000010</OUTPUTLEN>
    <VALEXI>X</VALEXI>
    <DDTEXT>SLT审批状态</DDTEXT>
   </DD01V>
   <DD07V_TAB>
    <DD07V>
     <DOMNAME>ZSLTSTATUSS</DOMNAME>
     <VALPOS>0001</VALPOS>
     <DDLANGUAGE>1</DDLANGUAGE>
     <DOMVALUE_L>UNCHCK</DOMVALUE_L>
     <DDTEXT>未审批</DDTEXT>
    </DD07V>
    <DD07V>
     <DOMNAME>ZSLTSTATUSS</DOMNAME>
     <VALPOS>0002</VALPOS>
     <DDLANGUAGE>1</DDLANGUAGE>
     <DOMVALUE_L>REFUSE</DOMVALUE_L>
     <DDTEXT>审批未通过</DDTEXT>
    </DD07V>
    <DD07V>
     <DOMNAME>ZSLTSTATUSS</DOMNAME>
     <VALPOS>0003</VALPOS>
     <DDLANGUAGE>1</DDLANGUAGE>
     <DOMVALUE_L>PASSED</DOMVALUE_L>
     <DDTEXT>审批通过</DDTEXT>
    </DD07V>
    <DD07V>
     <DOMNAME>ZSLTSTATUSS</DOMNAME>
     <VALPOS>0004</VALPOS>
     <DDLANGUAGE>1</DDLANGUAGE>
     <DOMVALUE_L>PENDIN</DOMVALUE_L>
     <DDTEXT>审批中</DDTEXT>
    </DD07V>
   </DD07V_TAB>
   <I18N_LANGS>
    <LANGU>E</LANGU>
   </I18N_LANGS>
   <DD01_TEXTS>
    <item>
     <DDLANGUAGE>E</DDLANGUAGE>
     <DDTEXT>SLT status</DDTEXT>
    </item>
   </DD01_TEXTS>
   <DD07_TEXTS>
    <item>
     <VALPOS>0001</VALPOS>
     <DOMVALUE_L>UNCHCK</DOMVALUE_L>
    </item>
    <item>
     <VALPOS>0002</VALPOS>
     <DOMVALUE_L>REFUSE</DOMVALUE_L>
    </item>
    <item>
     <VALPOS>0003</VALPOS>
     <DOMVALUE_L>PASSED</DOMVALUE_L>
    </item>
    <item>
     <VALPOS>0004</VALPOS>
     <DOMVALUE_L>PENDIN</DOMVALUE_L>
    </item>
   </DD07_TEXTS>
  </asx:values>
 </asx:abap>
</abapGit>
