﻿<?xml version="1.0" encoding="utf-8"?>
<abapGit version="v1.0.0" serializer="LCL_OBJECT_DOMA" serializer_version="v1.0.0">
 <asx:abap xmlns:asx="http://www.sap.com/abapxml" version="1.0">
  <asx:values>
   <DD01V>
    <DOMNAME>ZTEMPLATETYPE</DOMNAME>
    <DDLANGUAGE>1</DDLANGUAGE>
    <DATATYPE>CHAR</DATATYPE>
    <LENG>000002</LENG>
    <OUTPUTLEN>000002</OUTPUTLEN>
    <VALEXI>X</VALEXI>
    <DDTEXT>模板类型</DDTEXT>
   </DD01V>
   <DD07V_TAB>
    <DD07V>
     <DOMNAME>ZTEMPLATETYPE</DOMNAME>
     <VALPOS>0001</VALPOS>
     <DDLANGUAGE>1</DDLANGUAGE>
     <DOMVALUE_L>01</DOMVALUE_L>
     <DDTEXT>RFX物料批量上传模板</DDTEXT>
    </DD07V>
    <DD07V>
     <DOMNAME>ZTEMPLATETYPE</DOMNAME>
     <VALPOS>0002</VALPOS>
     <DDLANGUAGE>1</DDLANGUAGE>
     <DOMVALUE_L>02</DOMVALUE_L>
     <DDTEXT>供应商报价批量上传模板</DDTEXT>
    </DD07V>
    <DD07V>
     <DOMNAME>ZTEMPLATETYPE</DOMNAME>
     <VALPOS>0003</VALPOS>
     <DDLANGUAGE>1</DDLANGUAGE>
     <DOMVALUE_L>03</DOMVALUE_L>
     <DDTEXT>调查问卷填写操作手册</DDTEXT>
    </DD07V>
    <DD07V>
     <DOMNAME>ZTEMPLATETYPE</DOMNAME>
     <VALPOS>0004</VALPOS>
     <DDLANGUAGE>1</DDLANGUAGE>
     <DOMVALUE_L>04</DOMVALUE_L>
     <DDTEXT>通知平台操作手册</DDTEXT>
    </DD07V>
    <DD07V>
     <DOMNAME>ZTEMPLATETYPE</DOMNAME>
     <VALPOS>0005</VALPOS>
     <DDLANGUAGE>1</DDLANGUAGE>
     <DOMVALUE_L>05</DOMVALUE_L>
     <DDTEXT>塑胶模具模板</DDTEXT>
    </DD07V>
    <DD07V>
     <DOMNAME>ZTEMPLATETYPE</DOMNAME>
     <VALPOS>0006</VALPOS>
     <DDLANGUAGE>1</DDLANGUAGE>
     <DOMVALUE_L>06</DOMVALUE_L>
     <DDTEXT>五金模具模板</DDTEXT>
    </DD07V>
    <DD07V>
     <DOMNAME>ZTEMPLATETYPE</DOMNAME>
     <VALPOS>0007</VALPOS>
     <DDLANGUAGE>1</DDLANGUAGE>
     <DOMVALUE_L>CA</DOMVALUE_L>
     <DDTEXT>保密协议</DDTEXT>
    </DD07V>
    <DD07V>
     <DOMNAME>ZTEMPLATETYPE</DOMNAME>
     <VALPOS>0008</VALPOS>
     <DDLANGUAGE>1</DDLANGUAGE>
     <DOMVALUE_L>OS</DOMVALUE_L>
     <DDTEXT>组织架构图</DDTEXT>
    </DD07V>
    <DD07V>
     <DOMNAME>ZTEMPLATETYPE</DOMNAME>
     <VALPOS>0009</VALPOS>
     <DDLANGUAGE>1</DDLANGUAGE>
     <DOMVALUE_L>LT</DOMVALUE_L>
     <DDTEXT>设备清单</DDTEXT>
    </DD07V>
   </DD07V_TAB>
  </asx:values>
 </asx:abap>
</abapGit>
